neon_taxonID,neon_lookup_group,is_biorepo_mapped,biorepo_tid,scientificName_biorepo,taxonRank_biorepo,verbatimScientificName_biorepo_map,biorepo_organism,biorepo_kingdom,biorepo_subkingdom,biorepo_division,biorepo_subdivision,biorepo_superclass,biorepo_class,biorepo_subclass,biorepo_order,biorepo_suborder,biorepo_superfamily,biorepo_family,biorepo_subfamily,biorepo_tribe,biorepo_subtribe,biorepo_genus,biorepo_subgenus,biorepo_section,biorepo_subsection,biorepo_species,biorepo_subspecies,biorepo_variety,biorepo_subvariety,biorepo_form,biorepo_subform,biorepo_cultivated,biorepo_complex/group
ALOE,SMALL_MAMMAL,False,,,,,,,,,,,,,,,,,,,,,,,,,,,,,,,
AMHA,SMALL_MAMMAL,True,79265,Ammospermophilus harrisii,,Ammospermophilus harrisii,Organism,Animalia,,Chordata,Vertebrata,,Mammalia,,Rodentia,,,Sciuridae,,,,Ammospermophilus,,,,Ammospermophilus harrisii,,,,,,,
AMIN,SMALL_MAMMAL,True,79266,Ammospermophilus interpres,,Ammospermophilus interpres,Organism,Animalia,,Chordata,Vertebrata,,Mammalia,,Rodentia,,,Sciuridae,,,,Ammospermophilus,,,,Ammospermophilus interpres,,,,,,,
AMLE,SMALL_MAMMAL,True,79267,Ammospermophilus leucurus,,Ammospermophilus leucurus,Organism,Animalia,,Chordata,Vertebrata,,Mammalia,,Rodentia,,,Sciuridae,,,,Ammospermophilus,,,,Ammospermophilus leucurus,,,,,,,
AMLT,SMALL_MAMMAL,True,88314,Ammospermophilus leucurus tersus,,Ammospermophilus leucurus tersus,Organism,Animalia,,Chordata,Vertebrata,,Mammalia,,Rodentia,,,Sciuridae,,,,Ammospermophilus,,,,Ammospermophilus leucurus,Ammospermophilus leucurus tersus,,,,,,
AMNE,SMALL_MAMMAL,True,79268,Ammospermophilus nelsoni,,Ammospermophilus nelsoni,Organism,Animalia,,Chordata,Vertebrata,,Mammalia,,Rodentia,,,Sciuridae,,,,Ammospermophilus,,,,Ammospermophilus nelsoni,,,,,,,
AMSP,SMALL_MAMMAL,True,79264,Ammospermophilus,,Ammospermophilus sp.,Organism,Animalia,,Chordata,Vertebrata,,Mammalia,,Rodentia,,,Sciuridae,,,,Ammospermophilus,,,,,,,,,,,
APRN,SMALL_MAMMAL,True,88315,Aplodontia rufa nigra,,Aplodontia rufa nigra,Organism,Animalia,,Chordata,Vertebrata,,Mammalia,,Rodentia,,,Aplodontiidae,,,,Aplodontia,,,,Aplodontia rufa,Aplodontia rufa nigra,,,,,,
APRU,SMALL_MAMMAL,True,79271,Aplodontia rufa,,Aplodontia rufa,Organism,Animalia,,Chordata,Vertebrata,,Mammalia,,Rodentia,,,Aplodontiidae,,,,Aplodontia,,,,Aplodontia rufa,,,,,,,
ARAL,SMALL_MAMMAL,True,79273,Arborimus albipes,,Arborimus albipes,Organism,Animalia,,Chordata,Vertebrata,,Mammalia,,Rodentia,,Muroidea,Cricetidae,,,,Arborimus,,,,Arborimus albipes,,,,,,,
ARLO,SMALL_MAMMAL,True,79274,Arborimus longicaudus,,Arborimus longicaudus,Organism,Animalia,,Chordata,Vertebrata,,Mammalia,,Rodentia,,Muroidea,Cricetidae,,,,Arborimus,,,,Arborimus longicaudus,,,,,,,
ARPO,SMALL_MAMMAL,True,79275,Arborimus pomo,,Arborimus pomo,Organism,Animalia,,Chordata,Vertebrata,,Mammalia,,Rodentia,,Muroidea,Cricetidae,,,,Arborimus,,,,Arborimus pomo,,,,,,,
ARSP,SMALL_MAMMAL,True,79272,Arborimus,,Arborimus sp.,Organism,Animalia,,Chordata,Vertebrata,,Mammalia,,Rodentia,,Muroidea,Cricetidae,,,,Arborimus,,,,,,,,,,,
BATA,SMALL_MAMMAL,True,79277,Baiomys taylori,,Baiomys taylori,Organism,Animalia,,Chordata,Vertebrata,,Mammalia,,Rodentia,,Muroidea,Cricetidae,,,,Baiomys,,,,Baiomys taylori,,,,,,,
BLBR,SMALL_MAMMAL,True,79281,Blarina brevicauda,,Blarina brevicauda,Organism,Animalia,,Chordata,Vertebrata,,Mammalia,,Soricomorpha,,,Soricidae,,,,Blarina,,,,Blarina brevicauda,,,,,,,
BLCA,SMALL_MAMMAL,True,79282,Blarina carolinensis,,Blarina carolinensis,Organism,Animalia,,Chordata,Vertebrata,,Mammalia,,Soricomorpha,,,Soricidae,,,,Blarina,,,,Blarina carolinensis,,,,,,,
BLHY,SMALL_MAMMAL,True,79283,Blarina hylophaga,,Blarina hylophaga,Organism,Animalia,,Chordata,Vertebrata,,Mammalia,,Soricomorpha,,,Soricidae,,,,Blarina,,,,Blarina hylophaga,,,,,,,
BLSP,SMALL_MAMMAL,True,79280,Blarina,,Blarina sp.,Organism,Animalia,,Chordata,Vertebrata,,Mammalia,,Soricomorpha,,,Soricidae,,,,Blarina,,,,,,,,,,,
BRID,SMALL_MAMMAL,True,79287,Brachylagus idahoensis,,Brachylagus idahoensis,Organism,Animalia,,Chordata,Vertebrata,,Mammalia,,Lagomorpha,,,Leporidae,,,,Brachylagus,,,,Brachylagus idahoensis,,,,,,,
CALA,SMALL_MAMMAL,True,79569,Callospermophilus lateralis,,Callospermophilus lateralis,Organism,Animalia,,Chordata,Vertebrata,,Mammalia,,Rodentia,,,Sciuridae,,,,Callospermophilus,,,,Callospermophilus lateralis,,,,,,,
CASA,SMALL_MAMMAL,True,99742,Callospermophilus saturatus,,Callospermophilus saturatus,Organism,Animalia,,Chordata,Vertebrata,,Mammalia,,Rodentia,,,Sciuridae,,,,Callospermophilus,,,,Callospermophilus saturatus,,,,,,,
CASP,SMALL_MAMMAL,True,79568,Callospermophilus,,Callospermophilus sp.,Organism,Animalia,,Chordata,Vertebrata,,Mammalia,,Rodentia,,,Sciuridae,,,,Callospermophilus,,,,,,,,,,,
CHBA,SMALL_MAMMAL,True,79290,Chaetodipus baileyi,,Chaetodipus baileyi,Organism,Animalia,,Chordata,Vertebrata,,Mammalia,,Rodentia,,,Heteromyidae,,,,Chaetodipus,,,,Chaetodipus baileyi,,,,,,,
CHCA,SMALL_MAMMAL,True,79291,Chaetodipus californicus,,Chaetodipus californicus,Organism,Animalia,,Chordata,Vertebrata,,Mammalia,,Rodentia,,,Heteromyidae,,,,Chaetodipus,,,,Chaetodipus californicus,,,,,,,
CHER,SMALL_MAMMAL,True,79292,Chaetodipus eremicus,,Chaetodipus eremicus,Organism,Animalia,,Chordata,Vertebrata,,Mammalia,,Rodentia,,,Heteromyidae,,,,Chaetodipus,,,,Chaetodipus eremicus,,,,,,,
CHERCHIN,SMALL_MAMMAL,True,126650,Chaetodipus eremicus/intermedius,,Chaetodipus eremicus/intermedius,Organism,Animalia,,Chordata,Vertebrata,,Mammalia,,Rodentia,,,Heteromyidae,,,,Chaetodipus,,,,Chaetodipus eremicus/intermedius,,,,,,,
CHERCHPE,SMALL_MAMMAL,True,126651,Chaetodipus eremicus/penicillatus,,Chaetodipus eremicus/penicillatus,Organism,Animalia,,Chordata,Vertebrata,,Mammalia,,Rodentia,,,Heteromyidae,,,,Chaetodipus,,,,Chaetodipus eremicus/penicillatus,,,,,,,
CHFA,SMALL_MAMMAL,True,79293,Chaetodipus fallax,,Chaetodipus fallax,Organism,Animalia,,Chordata,Vertebrata,,Mammalia,,Rodentia,,,Heteromyidae,,,,Chaetodipus,,,,Chaetodipus fallax,,,,,,,
CHFO,SMALL_MAMMAL,True,79294,Chaetodipus formosus,,Chaetodipus formosus,Organism,Animalia,,Chordata,Vertebrata,,Mammalia,,Rodentia,,,Heteromyidae,,,,Chaetodipus,,,,Chaetodipus formosus,,,,,,,
CHHI,SMALL_MAMMAL,True,79295,Chaetodipus hispidus,,Chaetodipus hispidus,Organism,Animalia,,Chordata,Vertebrata,,Mammalia,,Rodentia,,,Heteromyidae,,,,Chaetodipus,,,,Chaetodipus hispidus,,,,,,,
CHIN,SMALL_MAMMAL,True,79296,Chaetodipus intermedius,,Chaetodipus intermedius,Organism,Animalia,,Chordata,Vertebrata,,Mammalia,,Rodentia,,,Heteromyidae,,,,Chaetodipus,,,,Chaetodipus intermedius,,,,,,,
CHINCHPE,SMALL_MAMMAL,True,126652,Chaetodipus intermedius/penicillatus,,Chaetodipus intermedius/penicillatus,Organism,Animalia,,Chordata,Vertebrata,,Mammalia,,Rodentia,,,Heteromyidae,,,,Chaetodipus,,,,Chaetodipus intermedius/penicillatus,,,,,,,
CHNE,SMALL_MAMMAL,True,79297,Chaetodipus nelsoni,,Chaetodipus nelsoni,Organism,Animalia,,Chordata,Vertebrata,,Mammalia,,Rodentia,,,Heteromyidae,,,,Chaetodipus,,,,Chaetodipus nelsoni,,,,,,,
CHPE,SMALL_MAMMAL,True,79298,Chaetodipus penicillatus,,Chaetodipus penicillatus,Organism,Animalia,,Chordata,Vertebrata,,Mammalia,,Rodentia,,,Heteromyidae,,,,Chaetodipus,,,,Chaetodipus penicillatus,,,,,,,
CHRU,SMALL_MAMMAL,True,79299,Chaetodipus rudinoris,,Chaetodipus rudinoris,Organism,Animalia,,Chordata,Vertebrata,,Mammalia,,Rodentia,,,Heteromyidae,,,,Chaetodipus,,,,Chaetodipus rudinoris,,,,,,,
CHSN,SMALL_MAMMAL,True,79300,Chaetodipus spinatus,,Chaetodipus spinatus,Organism,Animalia,,Chordata,Vertebrata,,Mammalia,,Rodentia,,,Heteromyidae,,,,Chaetodipus,,,,Chaetodipus spinatus,,,,,,,
CHSP,SMALL_MAMMAL,True,79289,Chaetodipus,,Chaetodipus sp.,Organism,Animalia,,Chordata,Vertebrata,,Mammalia,,Rodentia,,,Heteromyidae,,,,Chaetodipus,,,,,,,,,,,
COCR,SMALL_MAMMAL,True,79303,Condylura cristata,,Condylura cristata,Organism,Animalia,,Chordata,Vertebrata,,Mammalia,,Soricomorpha,,,Talpidae,,,,Condylura,,,,Condylura cristata,,,,,,,
COLE,SMALL_MAMMAL,True,79307,Conepatus leuconotus,,Conepatus leuconotus,Organism,Animalia,,Chordata,Vertebrata,,Mammalia,,Carnivora,,,Mephitidae,,,,Conepatus,,,,Conepatus leuconotus,,,,,,,
CRCA,SMALL_MAMMAL,True,79310,Cratogeomys castanops,,Cratogeomys castanops,Organism,Animalia,,Chordata,Vertebrata,,Mammalia,,Rodentia,,,Geomyidae,,,,Cratogeomys,,,,Cratogeomys castanops,,,,,,,
CRPA,SMALL_MAMMAL,True,79312,Cryptotis parva,,Cryptotis parva,Organism,Animalia,,Chordata,Vertebrata,,Mammalia,,Soricomorpha,,,Soricidae,,,,Cryptotis,,,,Cryptotis parva,,,,,,,
CRSP,SMALL_MAMMAL,True,44341,Cricetidae,Class,Cricetidae sp.,Organism,Animalia,,Chordata,Vertebrata,,Mammalia,,Rodentia,,Muroidea,Cricetidae,,,,,,,,,,,,,,,
CYGU,SMALL_MAMMAL,True,79314,Cynomys gunnisoni,,Cynomys gunnisoni,Organism,Animalia,,Chordata,Vertebrata,,Mammalia,,Rodentia,,,Sciuridae,,,,Cynomys,,,,Cynomys gunnisoni,,,,,,,
CYLE,SMALL_MAMMAL,True,79315,Cynomys leucurus,,Cynomys leucurus,Organism,Animalia,,Chordata,Vertebrata,,Mammalia,,Rodentia,,,Sciuridae,,,,Cynomys,,,,Cynomys leucurus,,,,,,,
CYLU,SMALL_MAMMAL,True,79316,Cynomys ludovicianus,,Cynomys ludovicianus,Organism,Animalia,,Chordata,Vertebrata,,Mammalia,,Rodentia,,,Sciuridae,,,,Cynomys,,,,Cynomys ludovicianus,,,,,,,
CYPA,SMALL_MAMMAL,True,79317,Cynomys parvidens,,Cynomys parvidens,Organism,Animalia,,Chordata,Vertebrata,,Mammalia,,Rodentia,,,Sciuridae,,,,Cynomys,,,,Cynomys parvidens,,,,,,,
CYSP,SMALL_MAMMAL,True,79313,Cynomys,,Cynomys sp.,Organism,Animalia,,Chordata,Vertebrata,,Mammalia,,Rodentia,,,Sciuridae,,,,Cynomys,,,,,,,,,,,
DANO,SMALL_MAMMAL,True,79321,Dasypus novemcinctus,,Dasypus novemcinctus,Organism,Animalia,,Chordata,Vertebrata,,Mammalia,,Cingulata,,,Dasypodidae,,,,Dasypus,,,,Dasypus novemcinctus,,,,,,,
DCSP,SMALL_MAMMAL,True,79322,Dicrostonyx,,Dicrostonyx sp.,Organism,Animalia,,Chordata,Vertebrata,,Mammalia,,Rodentia,,Muroidea,Cricetidae,,,,Dicrostonyx,,,,,,,,,,,
DIAG,SMALL_MAMMAL,True,79330,Dipodomys agilis,,Dipodomys agilis,Organism,Animalia,,Chordata,Vertebrata,,Mammalia,,Rodentia,,,Heteromyidae,,,,Dipodomys,,,,Dipodomys agilis,,,,,,,
DICA,SMALL_MAMMAL,True,79331,Dipodomys californicus,,Dipodomys californicus,Organism,Animalia,,Chordata,Vertebrata,,Mammalia,,Rodentia,,,Heteromyidae,,,,Dipodomys,,,,Dipodomys californicus,,,,,,,
DICO,SMALL_MAMMAL,True,79332,Dipodomys compactus,,Dipodomys compactus,Organism,Animalia,,Chordata,Vertebrata,,Mammalia,,Rodentia,,,Heteromyidae,,,,Dipodomys,,,,Dipodomys compactus,,,,,,,
DIDE,SMALL_MAMMAL,True,79333,Dipodomys deserti,,Dipodomys deserti,Organism,Animalia,,Chordata,Vertebrata,,Mammalia,,Rodentia,,,Heteromyidae,,,,Dipodomys,,,,Dipodomys deserti,,,,,,,
DIEL,SMALL_MAMMAL,True,79334,Dipodomys elator,,Dipodomys elator,Organism,Animalia,,Chordata,Vertebrata,,Mammalia,,Rodentia,,,Heteromyidae,,,,Dipodomys,,,,Dipodomys elator,,,,,,,
DIGR,SMALL_MAMMAL,True,79323,Dicrostonyx groenlandicus,,Dicrostonyx groenlandicus,Organism,Animalia,,Chordata,Vertebrata,,Mammalia,,Rodentia,,Muroidea,Cricetidae,,,,Dicrostonyx,,,,Dicrostonyx groenlandicus,,,,,,,
DIHE,SMALL_MAMMAL,True,79335,Dipodomys heermanni,,Dipodomys heermanni,Organism,Animalia,,Chordata,Vertebrata,,Mammalia,,Rodentia,,,Heteromyidae,,,,Dipodomys,,,,Dipodomys heermanni,,,,,,,
DIHM,SMALL_MAMMAL,True,88316,Dipodomys heermanni morroensis,,Dipodomys heermanni morroensis,Organism,Animalia,,Chordata,Vertebrata,,Mammalia,,Rodentia,,,Heteromyidae,,,,Dipodomys,,,,Dipodomys heermanni,Dipodomys heermanni morroensis,,,,,,
DIIN,SMALL_MAMMAL,True,79336,Dipodomys ingens,,Dipodomys ingens,Organism,Animalia,,Chordata,Vertebrata,,Mammalia,,Rodentia,,,Heteromyidae,,,,Dipodomys,,,,Dipodomys ingens,,,,,,,
DIME,SMALL_MAMMAL,True,79337,Dipodomys merriami,,Dipodomys merriami,Organism,Animalia,,Chordata,Vertebrata,,Mammalia,,Rodentia,,,Heteromyidae,,,,Dipodomys,,,,Dipodomys merriami,,,,,,,
DIMI,SMALL_MAMMAL,True,79338,Dipodomys microps,,Dipodomys microps,Organism,Animalia,,Chordata,Vertebrata,,Mammalia,,Rodentia,,,Heteromyidae,,,,Dipodomys,,,,Dipodomys microps,,,,,,,
DIML,SMALL_MAMMAL,True,88318,Dipodomys microps leucotis,,Dipodomys microps leucotis,Organism,Animalia,,Chordata,Vertebrata,,Mammalia,,Rodentia,,,Heteromyidae,,,,Dipodomys,,,,Dipodomys microps,Dipodomys microps leucotis,,,,,,
DIMP,SMALL_MAMMAL,True,88317,Dipodomys merriami parvus,,Dipodomys merriami parvus,Organism,Animalia,,Chordata,Vertebrata,,Mammalia,,Rodentia,,,Heteromyidae,,,,Dipodomys,,,,Dipodomys merriami,Dipodomys merriami parvus,,,,,,
DINE,SMALL_MAMMAL,True,79324,Dicrostonyx nelsoni,,Dicrostonyx nelsoni,Organism,Animalia,,Chordata,Vertebrata,,Mammalia,,Rodentia,,Muroidea,Cricetidae,,,,Dicrostonyx,,,,Dicrostonyx nelsoni,,,,,,,
DINI,SMALL_MAMMAL,True,79339,Dipodomys nitratoides,,Dipodomys nitratoides,Organism,Animalia,,Chordata,Vertebrata,,Mammalia,,Rodentia,,,Heteromyidae,,,,Dipodomys,,,,Dipodomys nitratoides,,,,,,,
DINN,SMALL_MAMMAL,True,88320,Dipodomys nitratoides nitratoides,,Dipodomys nitratoides nitratoides,Organism,Animalia,,Chordata,Vertebrata,,Mammalia,,Rodentia,,,Heteromyidae,,,,Dipodomys,,,,Dipodomys nitratoides,Dipodomys nitratoides nitratoides,,,,,,
DINX,SMALL_MAMMAL,True,88319,Dipodomys nitratoides exilis,,Dipodomys nitratoides exilis,Organism,Animalia,,Chordata,Vertebrata,,Mammalia,,Rodentia,,,Heteromyidae,,,,Dipodomys,,,,Dipodomys nitratoides,Dipodomys nitratoides exilis,,,,,,
DIOR,SMALL_MAMMAL,True,79340,Dipodomys ordii,,Dipodomys ordii,Organism,Animalia,,Chordata,Vertebrata,,Mammalia,,Rodentia,,,Heteromyidae,,,,Dipodomys,,,,Dipodomys ordii,,,,,,,
DIORDIMI,SMALL_MAMMAL,True,126649,Dipodomys ordii/microps,,Dipodomys ordii/microps,Organism,Animalia,,Chordata,Vertebrata,,Mammalia,,Rodentia,,,Heteromyidae,,,,Dipodomys,,,,Dipodomys ordii/microps,,,,,,,
DIPA,SMALL_MAMMAL,True,79341,Dipodomys panamintinus,,Dipodomys panamintinus,Organism,Animalia,,Chordata,Vertebrata,,Mammalia,,Rodentia,,,Heteromyidae,,,,Dipodomys,,,,Dipodomys panamintinus,,,,,,,
DISB,SMALL_MAMMAL,True,88321,Dipodomys spectabilis baileyi,,Dipodomys spectabilis baileyi,Organism,Animalia,,Chordata,Vertebrata,,Mammalia,,Rodentia,,,Heteromyidae,,,,Dipodomys,,,,Dipodomys spectabilis,Dipodomys spectabilis baileyi,,,,,,
DISI,SMALL_MAMMAL,True,79342,Dipodomys simulans,,Dipodomys simulans,Organism,Animalia,,Chordata,Vertebrata,,Mammalia,,Rodentia,,,Heteromyidae,,,,Dipodomys,,,,Dipodomys simulans,,,,,,,
DISP,SMALL_MAMMAL,True,79343,Dipodomys spectabilis,,Dipodomys spectabilis,Organism,Animalia,,Chordata,Vertebrata,,Mammalia,,Rodentia,,,Heteromyidae,,,,Dipodomys,,,,Dipodomys spectabilis,,,,,,,
DIST,SMALL_MAMMAL,True,79344,Dipodomys stephensi,,Dipodomys stephensi,Organism,Animalia,,Chordata,Vertebrata,,Mammalia,,Rodentia,,,Heteromyidae,,,,Dipodomys,,,,Dipodomys stephensi,,,,,,,
DIVE,SMALL_MAMMAL,True,79345,Dipodomys venustus,,Dipodomys venustus,Organism,Animalia,,Chordata,Vertebrata,,Mammalia,,Rodentia,,,Heteromyidae,,,,Dipodomys,,,,Dipodomys venustus,,,,,,,
DIVI,SMALL_MAMMAL,True,79328,Didelphis virginiana,,Didelphis virginiana,Organism,Animalia,,Chordata,Vertebrata,,Mammalia,,Didelphimorphia,,,Didelphidae,,,,Didelphis,,,,Didelphis virginiana,,,,,,,
DOSP,SMALL_MAMMAL,True,79417,Zapodidae,Class,Dipodidae sp.,Organism,Animalia,,Chordata,Vertebrata,,Mammalia,,Rodentia,,Dipodoidea,Zapodidae,,,,,,,,,,,,,,,
DPSP,SMALL_MAMMAL,True,79329,Dipodomys,,Dipodomys sp.,Organism,Animalia,,Chordata,Vertebrata,,Mammalia,,Rodentia,,,Heteromyidae,,,,Dipodomys,,,,,,,,,,,
GEAR,SMALL_MAMMAL,True,79347,Geomys arenarius,,Geomys arenarius,Organism,Animalia,,Chordata,Vertebrata,,Mammalia,,Rodentia,,,Geomyidae,,,,Geomys,,,,Geomys arenarius,,,,,,,
GEAT,SMALL_MAMMAL,True,79348,Geomys attwateri,,Geomys attwateri,Organism,Animalia,,Chordata,Vertebrata,,Mammalia,,Rodentia,,,Geomyidae,,,,Geomys,,,,Geomys attwateri,,,,,,,
GEBR,SMALL_MAMMAL,True,79349,Geomys breviceps,,Geomys breviceps,Organism,Animalia,,Chordata,Vertebrata,,Mammalia,,Rodentia,,,Geomyidae,,,,Geomys,,,,Geomys breviceps,,,,,,,
GEBU,SMALL_MAMMAL,True,79350,Geomys bursarius,,Geomys bursarius,Organism,Animalia,,Chordata,Vertebrata,,Mammalia,,Rodentia,,,Geomyidae,,,,Geomys,,,,Geomys bursarius,,,,,,,
GEKN,SMALL_MAMMAL,True,79351,Geomys knoxjonesi,,Geomys knoxjonesi,Organism,Animalia,,Chordata,Vertebrata,,Mammalia,,Rodentia,,,Geomyidae,,,,Geomys,,,,Geomys knoxjonesi,,,,,,,
GEPE,SMALL_MAMMAL,True,79352,Geomys personatus,,Geomys personatus,Organism,Animalia,,Chordata,Vertebrata,,Mammalia,,Rodentia,,,Geomyidae,,,,Geomys,,,,Geomys personatus,,,,,,,
GEPI,SMALL_MAMMAL,True,79353,Geomys pinetis,,Geomys pinetis,Organism,Animalia,,Chordata,Vertebrata,,Mammalia,,Rodentia,,,Geomyidae,,,,Geomys,,,,Geomys pinetis,,,,,,,
GESP,SMALL_MAMMAL,True,79346,Geomys,,Geomys sp.,Organism,Animalia,,Chordata,Vertebrata,,Mammalia,,Rodentia,,,Geomyidae,,,,Geomys,,,,,,,,,,,
GETE,SMALL_MAMMAL,True,79354,Geomys texensis,,Geomys texensis,Organism,Animalia,,Chordata,Vertebrata,,Mammalia,,Rodentia,,,Geomyidae,,,,Geomys,,,,Geomys texensis,,,,,,,
GLSA,SMALL_MAMMAL,True,79356,Glaucomys sabrinus,,Glaucomys sabrinus,Organism,Animalia,,Chordata,Vertebrata,,Mammalia,,Rodentia,,,Sciuridae,,,,Glaucomys,,,,Glaucomys sabrinus,,,,,,,
GLSC,SMALL_MAMMAL,True,88322,Glaucomys sabrinus coloratus,,Glaucomys sabrinus coloratus,Organism,Animalia,,Chordata,Vertebrata,,Mammalia,,Rodentia,,,Sciuridae,,,,Glaucomys,,,,Glaucomys sabrinus,Glaucomys sabrinus coloratus,,,,,,
GLSF,SMALL_MAMMAL,True,88323,Glaucomys sabrinus fuscus,,Glaucomys sabrinus fuscus,Organism,Animalia,,Chordata,Vertebrata,,Mammalia,,Rodentia,,,Sciuridae,,,,Glaucomys,,,,Glaucomys sabrinus,Glaucomys sabrinus fuscus,,,,,,
GLSP,SMALL_MAMMAL,True,79355,Glaucomys,,Glaucomys sp.,Organism,Animalia,,Chordata,Vertebrata,,Mammalia,,Rodentia,,,Sciuridae,,,,Glaucomys,,,,,,,,,,,
GLVO,SMALL_MAMMAL,True,79357,Glaucomys volans,,Glaucomys volans,Organism,Animalia,,Chordata,Vertebrata,,Mammalia,,Rodentia,,,Sciuridae,,,,Glaucomys,,,,Glaucomys volans,,,,,,,
HESP,SMALL_MAMMAL,True,79288,Heteromyidae,Class,Heteromyidae sp.,Organism,Animalia,,Chordata,Vertebrata,,Mammalia,,Rodentia,,,Heteromyidae,,,,,,,,,,,,,,,
ICME,SMALL_MAMMAL,True,79572,Ictidomys mexicanus,,Ictidomys mexicanus,Organism,Animalia,,Chordata,Vertebrata,,Mammalia,,Rodentia,,,Sciuridae,,,,Ictidomys,,,,Ictidomys mexicanus,,,,,,,
ICSP,SMALL_MAMMAL,True,79571,Ictidomys,,Ictidomys sp.,Organism,Animalia,,Chordata,Vertebrata,,Mammalia,,Rodentia,,,Sciuridae,,,,Ictidomys,,,,,,,,,,,
ICTM,SMALL_MAMMAL,True,104073,Ictidomys tridecemlineatus monticola,,Ictidomys tridecemlineatus monticola,Organism,Animalia,,Chordata,Vertebrata,,Mammalia,,Rodentia,,,Sciuridae,,,,Ictidomys,,,,Ictidomys tridecemlineatus,Ictidomys tridecemlineatus monticola,,,,,,
ICTR,SMALL_MAMMAL,True,79591,Ictidomys tridecemlineatus,,Ictidomys tridecemlineatus,Organism,Animalia,,Chordata,Vertebrata,,Mammalia,,Rodentia,,,Sciuridae,,,,Ictidomys,,,,Ictidomys tridecemlineatus,,,,,,,
LEAL,SMALL_MAMMAL,True,79363,Lepus alleni,,Lepus alleni,Organism,Animalia,,Chordata,Vertebrata,,Mammalia,,Lagomorpha,,,Leporidae,,,,Lepus,,,,Lepus alleni,,,,,,,
LEAM,SMALL_MAMMAL,True,79364,Lepus americanus,,Lepus americanus,Organism,Animalia,,Chordata,Vertebrata,,Mammalia,,Lagomorpha,,,Leporidae,,,,Lepus,,,,Lepus americanus,,,,,,,
LECA,SMALL_MAMMAL,True,79365,Lepus californicus,,Lepus californicus,Organism,Animalia,,Chordata,Vertebrata,,Mammalia,,Lagomorpha,,,Leporidae,,,,Lepus,,,,Lepus californicus,,,,,,,
LECL,SMALL_MAMMAL,True,79366,Lepus callotis,,Lepus callotis,Organism,Animalia,,Chordata,Vertebrata,,Mammalia,,Lagomorpha,,,Leporidae,,,,Lepus,,,,Lepus callotis,,,,,,,
LECU,SMALL_MAMMAL,True,79359,Lemmiscus curtatus,,Lemmiscus curtatus,Organism,Animalia,,Chordata,Vertebrata,,Mammalia,,Rodentia,,Muroidea,Cricetidae,,,,Lemmiscus,,,,Lemmiscus curtatus,,,,,,,
LEOT,SMALL_MAMMAL,True,79367,Lepus othus,,Lepus othus,Organism,Animalia,,Chordata,Vertebrata,,Mammalia,,Lagomorpha,,,Leporidae,,,,Lepus,,,,Lepus othus,,,,,,,
LETO,SMALL_MAMMAL,True,79368,Lepus townsendii,,Lepus townsendii,Organism,Animalia,,Chordata,Vertebrata,,Mammalia,,Lagomorpha,,,Leporidae,,,,Lepus,,,,Lepus townsendii,,,,,,,
LETR,SMALL_MAMMAL,True,79361,Lemmus trimucronatus,,Lemmus trimucronatus,Organism,Animalia,,Chordata,Vertebrata,,Mammalia,,Rodentia,,Muroidea,Cricetidae,,,,Lemmus,,,,Lemmus trimucronatus,,,,,,,
LIIR,SMALL_MAMMAL,True,79370,Liomys irroratus,,Liomys irroratus,Organism,Animalia,,Chordata,Vertebrata,,Mammalia,,Rodentia,,,Heteromyidae,,,,Liomys,,,,Liomys irroratus,,,,,,,
LOCA,SMALL_MAMMAL,True,79373,Lontra canadensis,,Lontra canadensis,Organism,Animalia,,Chordata,Vertebrata,,Mammalia,,Carnivora,,,Mustelidae,,,,Lontra,,,,Lontra canadensis,,,,,,,
LOCS,SMALL_MAMMAL,True,88324,Lontra canadensis sonora,,Lontra canadensis sonora,Organism,Animalia,,Chordata,Vertebrata,,Mammalia,,Carnivora,,,Mustelidae,,,,Lontra,,,,Lontra canadensis,Lontra canadensis sonora,,,,,,
LPSP,SMALL_MAMMAL,True,79362,Lepus,,Lepus sp.,Organism,Animalia,,Chordata,Vertebrata,,Mammalia,,Lagomorpha,,,Leporidae,,,,Lepus,,,,,,,,,,,
MAAM,SMALL_MAMMAL,True,79381,Martes americana,,Martes americana,Organism,Animalia,,Chordata,Vertebrata,,Mammalia,,Carnivora,,,Mustelidae,,,,Martes,,,,Martes americana,,,,,,,
MABR,SMALL_MAMMAL,True,79375,Marmota broweri,,Marmota broweri,Organism,Animalia,,Chordata,Vertebrata,,Mammalia,,Rodentia,,,Sciuridae,,,,Marmota,,,,Marmota broweri,,,,,,,
MACA,SMALL_MAMMAL,True,79376,Marmota caligata,,Marmota caligata,Organism,Animalia,,Chordata,Vertebrata,,Mammalia,,Rodentia,,,Sciuridae,,,,Marmota,,,,Marmota caligata,,,,,,,
MAFL,SMALL_MAMMAL,True,79377,Marmota flaviventris,,Marmota flaviventris,Organism,Animalia,,Chordata,Vertebrata,,Mammalia,,Rodentia,,,Sciuridae,,,,Marmota,,,,Marmota flaviventris,,,,,,,
MAMO,SMALL_MAMMAL,True,79378,Marmota monax,,Marmota monax,Organism,Animalia,,Chordata,Vertebrata,,Mammalia,,Rodentia,,,Sciuridae,,,,Marmota,,,,Marmota monax,,,,,,,
MAOL,SMALL_MAMMAL,True,79379,Marmota olympus,,Marmota olympus,Organism,Animalia,,Chordata,Vertebrata,,Mammalia,,Rodentia,,,Sciuridae,,,,Marmota,,,,Marmota olympus,,,,,,,
MAPE,SMALL_MAMMAL,True,79382,Martes pennanti,,Martes pennanti,Organism,Animalia,,Chordata,Vertebrata,,Mammalia,,Carnivora,,,Mustelidae,,,,Martes,,,,Martes pennanti,,,,,,,
MAPP,SMALL_MAMMAL,True,88325,Martes pennanti pacifica,,Martes pennanti pacifica,Organism,Animalia,,Chordata,Vertebrata,,Mammalia,,Carnivora,,,Mustelidae,,,,Martes,,,,Martes pennanti,Martes pennanti pacifica,,,,,,
MASP,SMALL_MAMMAL,True,79374,Marmota,,Marmota sp.,Organism,Animalia,,Chordata,Vertebrata,,Mammalia,,Rodentia,,,Sciuridae,,,,Marmota,,,,,,,,,,,
MEMA,SMALL_MAMMAL,True,79384,Mephitis macroura,,Mephitis macroura,Organism,Animalia,,Chordata,Vertebrata,,Mammalia,,Carnivora,,,Mephitidae,,,,Mephitis,,,,Mephitis macroura,,,,,,,
MEME,SMALL_MAMMAL,True,79385,Mephitis mephitis,,Mephitis mephitis,Organism,Animalia,,Chordata,Vertebrata,,Mammalia,,Carnivora,,,Mephitidae,,,,Mephitis,,,,Mephitis mephitis,,,,,,,
MICA,SMALL_MAMMAL,True,79390,Microtus californicus,,Microtus californicus,Organism,Animalia,,Chordata,Vertebrata,,Mammalia,,Rodentia,,Muroidea,Cricetidae,,,,Microtus,,,,Microtus californicus,,,,,,,
MICC,SMALL_MAMMAL,True,79391,Microtus canicaudus,,Microtus canicaudus,Organism,Animalia,,Chordata,Vertebrata,,Mammalia,,Rodentia,,Muroidea,Cricetidae,,,,Microtus,,,,Microtus canicaudus,,,,,,,
MICH,SMALL_MAMMAL,True,79392,Microtus chrotorrhinus,,Microtus chrotorrhinus,Organism,Animalia,,Chordata,Vertebrata,,Mammalia,,Rodentia,,Muroidea,Cricetidae,,,,Microtus,,,,Microtus chrotorrhinus,,,,,,,
MICL,SMALL_MAMMAL,True,88327,Microtus chrotorrhinus carolinensis,,Microtus chrotorrhinus carolinensis,Organism,Animalia,,Chordata,Vertebrata,,Mammalia,,Rodentia,,Muroidea,Cricetidae,,,,Microtus,,,,Microtus chrotorrhinus,Microtus chrotorrhinus carolinensis,,,,,,
MICS,SMALL_MAMMAL,True,88326,Microtus californicus scirpensis,,Microtus californicus scirpensis,Organism,Animalia,,Chordata,Vertebrata,,Mammalia,,Rodentia,,Muroidea,Cricetidae,,,,Microtus,,,,Microtus californicus,Microtus californicus scirpensis,,,,,,
MILL,SMALL_MAMMAL,True,88328,Microtus longicaudus leucophaeus,,Microtus longicaudus leucophaeus,Organism,Animalia,,Chordata,Vertebrata,,Mammalia,,Rodentia,,Muroidea,Cricetidae,,,,Microtus,,,,Microtus longicaudus,Microtus longicaudus leucophaeus,,,,,,
MILO,SMALL_MAMMAL,True,79393,Microtus longicaudus,,Microtus longicaudus,Organism,Animalia,,Chordata,Vertebrata,,Mammalia,,Rodentia,,Muroidea,Cricetidae,,,,Microtus,,,,Microtus longicaudus,,,,,,,
MIMA,SMALL_MAMMAL,True,88329,Microtus montanus arizonensis,,Microtus montanus arizonensis,Organism,Animalia,,Chordata,Vertebrata,,Mammalia,,Rodentia,,Muroidea,Cricetidae,,,,Microtus,,,,Microtus montanus,Microtus montanus arizonensis,,,,,,
MIME,SMALL_MAMMAL,True,79387,Microdipodops megacephalus,,Microdipodops megacephalus,Organism,Animalia,,Chordata,Vertebrata,,Mammalia,,Rodentia,,,Heteromyidae,,,,Microdipodops,,,,Microdipodops megacephalus,,,,,,,
MIMI,SMALL_MAMMAL,True,79394,Microtus miurus,,Microtus miurus,Organism,Animalia,,Chordata,Vertebrata,,Mammalia,,Rodentia,,Muroidea,Cricetidae,,,,Microtus,,,,Microtus miurus,,,,,,,
MIMO,SMALL_MAMMAL,True,79395,Microtus montanus,,Microtus montanus,Organism,Animalia,,Chordata,Vertebrata,,Mammalia,,Rodentia,,Muroidea,Cricetidae,,,,Microtus,,,,Microtus montanus,,,,,,,
MIOC,SMALL_MAMMAL,True,79396,Microtus ochrogaster,,Microtus ochrogaster,Organism,Animalia,,Chordata,Vertebrata,,Mammalia,,Rodentia,,Muroidea,Cricetidae,,,,Microtus,,,,Microtus ochrogaster,,,,,,,
MIOE,SMALL_MAMMAL,True,79397,Microtus oeconomus,,Microtus oeconomus,Organism,Animalia,,Chordata,Vertebrata,,Mammalia,,Rodentia,,Muroidea,Cricetidae,,,,Microtus,,,,Microtus oeconomus,,,,,,,
MIOR,SMALL_MAMMAL,True,79398,Microtus oregoni,,Microtus oregoni,Organism,Animalia,,Chordata,Vertebrata,,Mammalia,,Rodentia,,Muroidea,Cricetidae,,,,Microtus,,,,Microtus oregoni,,,,,,,
MIPA,SMALL_MAMMAL,True,79388,Microdipodops pallidus,,Microdipodops pallidus,Organism,Animalia,,Chordata,Vertebrata,,Mammalia,,Rodentia,,,Heteromyidae,,,,Microdipodops,,,,Microdipodops pallidus,,,,,,,
MIPD,SMALL_MAMMAL,True,88330,Microtus pennsylvanicus dukecampbelli,,Microtus pennsylvanicus dukecampbelli,Organism,Animalia,,Chordata,Vertebrata,,Mammalia,,Rodentia,,Muroidea,Cricetidae,,,,Microtus,,,,Microtus pennsylvanicus,Microtus pennsylvanicus dukecampbelli,,,,,,
MIPE,SMALL_MAMMAL,True,79399,Microtus pennsylvanicus,,Microtus pennsylvanicus,Organism,Animalia,,Chordata,Vertebrata,,Mammalia,,Rodentia,,Muroidea,Cricetidae,,,,Microtus,,,,Microtus pennsylvanicus,,,,,,,
MIPI,SMALL_MAMMAL,True,79400,Microtus pinetorum,,Microtus pinetorum,Organism,Animalia,,Chordata,Vertebrata,,Mammalia,,Rodentia,,Muroidea,Cricetidae,,,,Microtus,,,,Microtus pinetorum,,,,,,,
MIRI,SMALL_MAMMAL,True,79401,Microtus richardsoni,,Microtus richardsoni,Organism,Animalia,,Chordata,Vertebrata,,Mammalia,,Rodentia,,Muroidea,Cricetidae,,,,Microtus,,,,Microtus richardsoni,,,,,,,
MISP,SMALL_MAMMAL,True,79389,Microtus,,Microtus sp.,Organism,Animalia,,Chordata,Vertebrata,,Mammalia,,Rodentia,,Muroidea,Cricetidae,,,,Microtus,,,,,,,,,,,
MITO,SMALL_MAMMAL,True,79402,Microtus townsendii,,Microtus townsendii,Organism,Animalia,,Chordata,Vertebrata,,Mammalia,,Rodentia,,Muroidea,Cricetidae,,,,Microtus,,,,Microtus townsendii,,,,,,,
MIXA,SMALL_MAMMAL,True,79403,Microtus xanthognathus,,Microtus xanthognathus,Organism,Animalia,,Chordata,Vertebrata,,Mammalia,,Rodentia,,Muroidea,Cricetidae,,,,Microtus,,,,Microtus xanthognathus,,,,,,,
MRSP,SMALL_MAMMAL,True,79404,Muridae,Class,Muridae sp.,Organism,Animalia,,Chordata,Vertebrata,,Mammalia,,Rodentia,,Muroidea,Muridae,,,,,,,,,,,,,,,
MTSP,SMALL_MAMMAL,True,79380,Martes,,Martes sp.,Organism,Animalia,,Chordata,Vertebrata,,Mammalia,,Carnivora,,,Mustelidae,,,,Martes,,,,,,,,,,,
MUER,SMALL_MAMMAL,True,79408,Mustela erminea,,Mustela erminea,Organism,Animalia,,Chordata,Vertebrata,,Mammalia,,Carnivora,,,Mustelidae,,,,Mustela,,,,Mustela erminea,,,,,,,
MUFR,SMALL_MAMMAL,True,79409,Mustela frenata,,Mustela frenata,Organism,Animalia,,Chordata,Vertebrata,,Mammalia,,Carnivora,,,Mustelidae,,,,Mustela,,,,Mustela frenata,,,,,,,
MUMU,SMALL_MAMMAL,True,79406,Mus musculus,,Mus musculus,Organism,Animalia,,Chordata,Vertebrata,,Mammalia,,Rodentia,,Muroidea,Muridae,,,,Mus,,,,Mus musculus,,,,,,,
MUNG,SMALL_MAMMAL,True,79410,Mustela nigripes,,Mustela nigripes,Organism,Animalia,,Chordata,Vertebrata,,Mammalia,,Carnivora,,,Mustelidae,,,,Mustela,,,,Mustela nigripes,,,,,,,
MUNI,SMALL_MAMMAL,True,79411,Mustela nivalis,,Mustela nivalis,Organism,Animalia,,Chordata,Vertebrata,,Mammalia,,Carnivora,,,Mustelidae,,,,Mustela,,,,Mustela nivalis,,,,,,,
MUSP,SMALL_MAMMAL,True,79407,Mustela,,Mustela sp.,Organism,Animalia,,Chordata,Vertebrata,,Mammalia,,Carnivora,,,Mustelidae,,,,Mustela,,,,,,,,,,,
MYCA,SMALL_MAMMAL,True,79413,Myodes californicus,,Myodes californicus,Organism,Animalia,,Chordata,Vertebrata,,Mammalia,,Rodentia,,Muroidea,Cricetidae,,,,Myodes,,,,Myodes californicus,,,,,,,
MYGA,SMALL_MAMMAL,True,79414,Myodes gapperi,,Myodes gapperi,Organism,Animalia,,Chordata,Vertebrata,,Mammalia,,Rodentia,,Muroidea,Cricetidae,,,,Myodes,,,,Myodes gapperi,,,,,,,
MYRU,SMALL_MAMMAL,True,79415,Myodes rutilus,,Myodes rutilus,Organism,Animalia,,Chordata,Vertebrata,,Mammalia,,Rodentia,,Muroidea,Cricetidae,,,,Myodes,,,,Myodes rutilus,,,,,,,
MYSP,SMALL_MAMMAL,True,79412,Myodes,,Myodes sp.,Organism,Animalia,,Chordata,Vertebrata,,Mammalia,,Rodentia,,Muroidea,Cricetidae,,,,Myodes,,,,,,,,,,,
NAIN,SMALL_MAMMAL,True,79419,Napaeozapus insignis,,Napaeozapus insignis,Organism,Animalia,,Chordata,Vertebrata,,Mammalia,,Rodentia,,Dipodoidea,Zapodidae,,,,Napaeozapus,,,,Napaeozapus insignis,,,,,,,
NEAL,SMALL_MAMMAL,True,79423,Neotoma albigula,,Neotoma albigula,Organism,Animalia,,Chordata,Vertebrata,,Mammalia,,Rodentia,,Muroidea,Cricetidae,,,,Neotoma,,,,Neotoma albigula,,,,,,,
NEAN,SMALL_MAMMAL,True,79421,Neofiber alleni,,Neofiber alleni,Organism,Animalia,,Chordata,Vertebrata,,Mammalia,,Rodentia,,Muroidea,Cricetidae,,,,Neofiber,,,,Neofiber alleni,,,,,,,
NECI,SMALL_MAMMAL,True,79424,Neotoma cinerea,,Neotoma cinerea,Organism,Animalia,,Chordata,Vertebrata,,Mammalia,,Rodentia,,Muroidea,Cricetidae,,,,Neotoma,,,,Neotoma cinerea,,,,,,,
NEDE,SMALL_MAMMAL,True,79425,Neotoma devia,,Neotoma devia,Organism,Animalia,,Chordata,Vertebrata,,Mammalia,,Rodentia,,Muroidea,Cricetidae,,,,Neotoma,,,,Neotoma devia,,,,,,,
NEFL,SMALL_MAMMAL,True,79426,Neotoma floridana,,Neotoma floridana,Organism,Animalia,,Chordata,Vertebrata,,Mammalia,,Rodentia,,Muroidea,Cricetidae,,,,Neotoma,,,,Neotoma floridana,,,,,,,
NEFR,SMALL_MAMMAL,True,88332,Neotoma fuscipes riparia,,Neotoma fuscipes riparia,Organism,Animalia,,Chordata,Vertebrata,,Mammalia,,Rodentia,,Muroidea,Cricetidae,,,,Neotoma,,,,Neotoma fuscipes,Neotoma fuscipes riparia,,,,,,
NEFS,SMALL_MAMMAL,True,88331,Neotoma floridana smalli,,Neotoma floridana smalli,Organism,Animalia,,Chordata,Vertebrata,,Mammalia,,Rodentia,,Muroidea,Cricetidae,,,,Neotoma,,,,Neotoma floridana,Neotoma floridana smalli,,,,,,
NEFU,SMALL_MAMMAL,True,79427,Neotoma fuscipes,,Neotoma fuscipes,Organism,Animalia,,Chordata,Vertebrata,,Mammalia,,Rodentia,,Muroidea,Cricetidae,,,,Neotoma,,,,Neotoma fuscipes,,,,,,,
NEGI,SMALL_MAMMAL,True,79438,Neurotrichus gibbsii,,Neurotrichus gibbsii,Organism,Animalia,,Chordata,Vertebrata,,Mammalia,,Soricomorpha,,,Talpidae,,,,Neurotrichus,,,,Neurotrichus gibbsii,,,,,,,
NELC,SMALL_MAMMAL,True,79429,Neotoma leucodon,,Neotoma leucodon,Organism,Animalia,,Chordata,Vertebrata,,Mammalia,,Rodentia,,Muroidea,Cricetidae,,,,Neotoma,,,,Neotoma leucodon,,,,,,,
NELE,SMALL_MAMMAL,True,79428,Neotoma lepida,,Neotoma lepida,Organism,Animalia,,Chordata,Vertebrata,,Mammalia,,Rodentia,,Muroidea,Cricetidae,,,,Neotoma,,,,Neotoma lepida,,,,,,,
NEMA,SMALL_MAMMAL,True,79431,Neotoma magister,,Neotoma magister,Organism,Animalia,,Chordata,Vertebrata,,Mammalia,,Rodentia,,Muroidea,Cricetidae,,,,Neotoma,,,,Neotoma magister,,,,,,,
NEMC,SMALL_MAMMAL,True,79430,Neotoma macrotis,,Neotoma macrotis,Organism,Animalia,,Chordata,Vertebrata,,Mammalia,,Rodentia,,Muroidea,Cricetidae,,,,Neotoma,,,,Neotoma macrotis,,,,,,,
NEME,SMALL_MAMMAL,True,79432,Neotoma mexicana,,Neotoma mexicana,Organism,Animalia,,Chordata,Vertebrata,,Mammalia,,Rodentia,,Muroidea,Cricetidae,,,,Neotoma,,,,Neotoma mexicana,,,,,,,
NEMI,SMALL_MAMMAL,True,79433,Neotoma micropus,,Neotoma micropus,Organism,Animalia,,Chordata,Vertebrata,,Mammalia,,Rodentia,,Muroidea,Cricetidae,,,,Neotoma,,,,Neotoma micropus,,,,,,,
NESP,SMALL_MAMMAL,True,79422,Neotoma,,Neotoma sp.,Organism,Animalia,,Chordata,Vertebrata,,Mammalia,,Rodentia,,Muroidea,Cricetidae,,,,Neotoma,,,,,,,,,,,
NEST,SMALL_MAMMAL,True,79434,Neotoma stephensi,,Neotoma stephensi,Organism,Animalia,,Chordata,Vertebrata,,Mammalia,,Rodentia,,Muroidea,Cricetidae,,,,Neotoma,,,,Neotoma stephensi,,,,,,,
NEVE,SMALL_MAMMAL,True,88333,Neovison vison evergladensis,,Neovison vison evergladensis,Organism,Animalia,,Chordata,Vertebrata,,Mammalia,,Carnivora,,,Mustelidae,,,,Neovison,,,,Neovison vison,Neovison vison evergladensis,,,,,,
NEVI,SMALL_MAMMAL,True,79436,Neovison vison,,Neovison vison,Organism,Animalia,,Chordata,Vertebrata,,Mammalia,,Carnivora,,,Mustelidae,,,,Neovison,,,,Neovison vison,,,,,,,
NOCO,SMALL_MAMMAL,True,79440,Notiosorex cockrumi,,Notiosorex cockrumi,Organism,Animalia,,Chordata,Vertebrata,,Mammalia,,Soricomorpha,,,Soricidae,,,,Notiosorex,,,,Notiosorex cockrumi,,,,,,,
NOCR,SMALL_MAMMAL,True,79441,Notiosorex crawfordi,,Notiosorex crawfordi,Organism,Animalia,,Chordata,Vertebrata,,Mammalia,,Soricomorpha,,,Soricidae,,,,Notiosorex,,,,Notiosorex crawfordi,,,,,,,
OCCO,SMALL_MAMMAL,True,79444,Ochotona collaris,,Ochotona collaris,Organism,Animalia,,Chordata,Vertebrata,,Mammalia,,Lagomorpha,,,Ochotonidae,,,,Ochotona,,,,Ochotona collaris,,,,,,,
OCNU,SMALL_MAMMAL,True,79447,Ochrotomys nuttalli,,Ochrotomys nuttalli,Organism,Animalia,,Chordata,Vertebrata,,Mammalia,,Rodentia,,Muroidea,Cricetidae,,,,Ochrotomys,,,,Ochrotomys nuttalli,,,,,,,
OCPR,SMALL_MAMMAL,True,79445,Ochotona princeps,,Ochotona princeps,Organism,Animalia,,Chordata,Vertebrata,,Mammalia,,Lagomorpha,,,Ochotonidae,,,,Ochotona,,,,Ochotona princeps,,,,,,,
ONAR,SMALL_MAMMAL,True,79451,Onychomys arenicola,,Onychomys arenicola,Organism,Animalia,,Chordata,Vertebrata,,Mammalia,,Rodentia,,Muroidea,Cricetidae,,,,Onychomys,,,,Onychomys arenicola,,,,,,,
ONLE,SMALL_MAMMAL,True,79452,Onychomys leucogaster,,Onychomys leucogaster,Organism,Animalia,,Chordata,Vertebrata,,Mammalia,,Rodentia,,Muroidea,Cricetidae,,,,Onychomys,,,,Onychomys leucogaster,,,,,,,
ONSP,SMALL_MAMMAL,True,79450,Onychomys,,Onychomys sp.,Organism,Animalia,,Chordata,Vertebrata,,Mammalia,,Rodentia,,Muroidea,Cricetidae,,,,Onychomys,,,,,,,,,,,
ONTO,SMALL_MAMMAL,True,79453,Onychomys torridus,,Onychomys torridus,Organism,Animalia,,Chordata,Vertebrata,,Mammalia,,Rodentia,,Muroidea,Cricetidae,,,,Onychomys,,,,Onychomys torridus,,,,,,,
ONZI,SMALL_MAMMAL,True,79449,Ondatra zibethicus,,Ondatra zibethicus,Organism,Animalia,,Chordata,Vertebrata,,Mammalia,,Rodentia,,Muroidea,Cricetidae,,,,Ondatra,,,,Ondatra zibethicus,,,,,,,
ORCO,SMALL_MAMMAL,True,79455,Oryzomys couesi,,Oryzomys couesi,Organism,Animalia,,Chordata,Vertebrata,,Mammalia,,Rodentia,,Muroidea,Cricetidae,,,,Oryzomys,,,,Oryzomys couesi,,,,,,,
ORPA,SMALL_MAMMAL,True,79456,Oryzomys palustris,,Oryzomys palustris,Organism,Animalia,,Chordata,Vertebrata,,Mammalia,,Rodentia,,Muroidea,Cricetidae,,,,Oryzomys,,,,Oryzomys palustris,,,,,,,
ORPS,SMALL_MAMMAL,True,88334,Oryzomys palustris sanibeli,,Oryzomys palustris sanibeli,Organism,Animalia,,Chordata,Vertebrata,,Mammalia,,Rodentia,,Muroidea,Cricetidae,,,,Oryzomys,,,,Oryzomys palustris,Oryzomys palustris sanibeli,,,,,,
OTHE,SMALL_MAMMAL,True,21269,Mammalia,Tribe,Mammalia sp.,Organism,Animalia,,Chordata,Vertebrata,,Mammalia,,,,,,,,,,,,,,,,,,,,
PABR,SMALL_MAMMAL,True,79458,Parascalops breweri,,Parascalops breweri,Organism,Animalia,,Chordata,Vertebrata,,Mammalia,,Soricomorpha,,,Talpidae,,,,Parascalops,,,,Parascalops breweri,,,,,,,
PEAA,SMALL_MAMMAL,True,88335,Perognathus amplus amplus,,Perognathus amplus amplus,Organism,Animalia,,Chordata,Vertebrata,,Mammalia,,Rodentia,,,Heteromyidae,,,,Perognathus,,,,Perognathus amplus,Perognathus amplus amplus,,,,,,
PEAC,SMALL_MAMMAL,True,88336,Perognathus amplus cineris,,Perognathus amplus cineris,Organism,Animalia,,Chordata,Vertebrata,,Mammalia,,Rodentia,,,Heteromyidae,,,,Perognathus,,,,Perognathus amplus,Perognathus amplus cineris,,,,,,
PEAL,SMALL_MAMMAL,True,79460,Perognathus alticolus,,Perognathus alticolus,Organism,Animalia,,Chordata,Vertebrata,,Mammalia,,Rodentia,,,Heteromyidae,,,,Perognathus,,,,Perognathus alticolus,,,,,,,
PEAM,SMALL_MAMMAL,True,79461,Perognathus amplus,,Perognathus amplus,Organism,Animalia,,Chordata,Vertebrata,,Mammalia,,Rodentia,,,Heteromyidae,,,,Perognathus,,,,Perognathus amplus,,,,,,,
PEAT,SMALL_MAMMAL,True,79470,Peromyscus attwateri,,Peromyscus attwateri,Organism,Animalia,,Chordata,Vertebrata,,Mammalia,,Rodentia,,Muroidea,Cricetidae,,,,Peromyscus,,,,Peromyscus attwateri,,,,,,,
PEBO,SMALL_MAMMAL,True,79471,Peromyscus boylii,,Peromyscus boylii,Organism,Animalia,,Chordata,Vertebrata,,Mammalia,,Rodentia,,Muroidea,Cricetidae,,,,Peromyscus,,,,Peromyscus boylii,,,,,,,
PEBOPETR,SMALL_MAMMAL,True,126653,Peromyscus boylii/truei,,Peromyscus boylii/truei,Organism,Animalia,,Chordata,Vertebrata,,Mammalia,,Rodentia,,Muroidea,Cricetidae,,,,Peromyscus,,,,Peromyscus boylii/truei,,,,,,,
PECA,SMALL_MAMMAL,True,79472,Peromyscus californicus,,Peromyscus californicus,Organism,Animalia,,Chordata,Vertebrata,,Mammalia,,Rodentia,,Muroidea,Cricetidae,,,,Peromyscus,,,,Peromyscus californicus,,,,,,,
PECR,SMALL_MAMMAL,True,79473,Peromyscus crinitus,,Peromyscus crinitus,Organism,Animalia,,Chordata,Vertebrata,,Mammalia,,Rodentia,,Muroidea,Cricetidae,,,,Peromyscus,,,,Peromyscus crinitus,,,,,,,
PEER,SMALL_MAMMAL,True,79474,Peromyscus eremicus,,Peromyscus eremicus,Organism,Animalia,,Chordata,Vertebrata,,Mammalia,,Rodentia,,Muroidea,Cricetidae,,,,Peromyscus,,,,Peromyscus eremicus,,,,,,,
PEFA,SMALL_MAMMAL,True,79462,Perognathus fasciatus,,Perognathus fasciatus,Organism,Animalia,,Chordata,Vertebrata,,Mammalia,,Rodentia,,,Heteromyidae,,,,Perognathus,,,,Perognathus fasciatus,,,,,,,
PEFG,SMALL_MAMMAL,True,88337,Perognathus flavus goodpasteri,,Perognathus flavus goodpasteri,Organism,Animalia,,Chordata,Vertebrata,,Mammalia,,Rodentia,,,Heteromyidae,,,,Perognathus,,,,Perognathus flavus,Perognathus flavus goodpasteri,,,,,,
PEFL,SMALL_MAMMAL,True,79464,Perognathus flavus,,Perognathus flavus,Organism,Animalia,,Chordata,Vertebrata,,Mammalia,,Rodentia,,,Heteromyidae,,,,Perognathus,,,,Perognathus flavus,,,,,,,
PEFLPEFV,SMALL_MAMMAL,True,79459,Perognathus,,Pergonathus flavus/flavescens,Organism,Animalia,,Chordata,Vertebrata,,Mammalia,,Rodentia,,,Heteromyidae,,,,Perognathus,,,,,,,,,,,
PEFR,SMALL_MAMMAL,True,79475,Peromyscus fraterculus,,Peromyscus fraterculus,Organism,Animalia,,Chordata,Vertebrata,,Mammalia,,Rodentia,,Muroidea,Cricetidae,,,,Peromyscus,,,,Peromyscus fraterculus,,,,,,,
PEFV,SMALL_MAMMAL,True,79463,Perognathus flavescens,,Perognathus flavescens,Organism,Animalia,,Chordata,Vertebrata,,Mammalia,,Rodentia,,,Heteromyidae,,,,Perognathus,,,,Perognathus flavescens,,,,,,,
PEGA,SMALL_MAMMAL,True,88339,Peromyscus gossypinus allapaticola,,Peromyscus gossypinus allapaticola,Organism,Animalia,,Chordata,Vertebrata,,Mammalia,,Rodentia,,Muroidea,Cricetidae,,,,Peromyscus,,,,Peromyscus gossypinus,Peromyscus gossypinus allapaticola,,,,,,
PEGO,SMALL_MAMMAL,True,79476,Peromyscus gossypinus,,Peromyscus gossypinus,Organism,Animalia,,Chordata,Vertebrata,,Mammalia,,Rodentia,,Muroidea,Cricetidae,,,,Peromyscus,,,,Peromyscus gossypinus,,,,,,,
PEGOPELE,SMALL_MAMMAL,True,126648,Peromyscus gossypinus/leucopus,,Peromyscus gossypinus/leucopus,Organism,Animalia,,Chordata,Vertebrata,,Mammalia,,Rodentia,,Muroidea,Cricetidae,,,,Peromyscus,,,,Peromyscus gossypinus/leucopus,,,,,,,
PEGR,SMALL_MAMMAL,True,79477,Peromyscus gratus,,Peromyscus gratus,Organism,Animalia,,Chordata,Vertebrata,,Mammalia,,Rodentia,,Muroidea,Cricetidae,,,,Peromyscus,,,,Peromyscus gratus,,,,,,,
PEIN,SMALL_MAMMAL,True,79465,Perognathus inornatus,,Perognathus inornatus,Organism,Animalia,,Chordata,Vertebrata,,Mammalia,,Rodentia,,,Heteromyidae,,,,Perognathus,,,,Perognathus inornatus,,,,,,,
PEKE,SMALL_MAMMAL,True,79478,Peromyscus keeni,,Peromyscus keeni,Organism,Animalia,,Chordata,Vertebrata,,Mammalia,,Rodentia,,Muroidea,Cricetidae,,,,Peromyscus,,,,Peromyscus keeni,,,,,,,
PEKEPEMA,SMALL_MAMMAL,True,126655,Peromyscus keeni/maniculatus,,Peromyscus keeni/maniculatus,Organism,Animalia,,Chordata,Vertebrata,,Mammalia,,Rodentia,,Muroidea,Cricetidae,,,,Peromyscus,,,,Peromyscus keeni/maniculatus,,,,,,,
PELE,SMALL_MAMMAL,True,79479,Peromyscus leucopus,,Peromyscus leucopus,Organism,Animalia,,Chordata,Vertebrata,,Mammalia,,Rodentia,,Muroidea,Cricetidae,,,,Peromyscus,,,,Peromyscus leucopus,,,,,,,
PELEPEMA,SMALL_MAMMAL,True,126647,Peromyscus leucopus/maniculatus,,Peromyscus leucopus/maniculatus,Organism,Animalia,,Chordata,Vertebrata,,Mammalia,,Rodentia,,Muroidea,Cricetidae,,,,Peromyscus,,,,Peromyscus leucopus/maniculatus,,,,,,,
PELO,SMALL_MAMMAL,True,79466,Perognathus longimembris,,Perognathus longimembris,Organism,Animalia,,Chordata,Vertebrata,,Mammalia,,Rodentia,,,Heteromyidae,,,,Perognathus,,,,Perognathus longimembris,,,,,,,
PELP,SMALL_MAMMAL,True,88338,Perognathus longimembris pacificus,,Perognathus longimembris pacificus,Organism,Animalia,,Chordata,Vertebrata,,Mammalia,,Rodentia,,,Heteromyidae,,,,Perognathus,,,,Perognathus longimembris,Perognathus longimembris pacificus,,,,,,
PEMA,SMALL_MAMMAL,True,79480,Peromyscus maniculatus,,Peromyscus maniculatus,Organism,Animalia,,Chordata,Vertebrata,,Mammalia,,Rodentia,,Muroidea,Cricetidae,,,,Peromyscus,,,,Peromyscus maniculatus,,,,,,,
PEMAPEBO,SMALL_MAMMAL,True,126656,Peromyscus maniculatus/boylii,,Peromyscus maniculatus/boylii,Organism,Animalia,,Chordata,Vertebrata,,Mammalia,,Rodentia,,Muroidea,Cricetidae,,,,Peromyscus,,,,Peromyscus maniculatus/boylii,,,,,,,
PEME,SMALL_MAMMAL,True,79482,Peromyscus merriami,,Peromyscus merriami,Organism,Animalia,,Chordata,Vertebrata,,Mammalia,,Rodentia,,Muroidea,Cricetidae,,,,Peromyscus,,,,Peromyscus merriami,,,,,,,
PEML,SMALL_MAMMAL,True,79481,Peromyscus melanotis,,Peromyscus melanotis,Organism,Animalia,,Chordata,Vertebrata,,Mammalia,,Rodentia,,Muroidea,Cricetidae,,,,Peromyscus,,,,Peromyscus melanotis,,,,,,,
PEMR,SMALL_MAMMAL,True,79467,Perognathus merriami,,Perognathus merriami,Organism,Animalia,,Chordata,Vertebrata,,Mammalia,,Rodentia,,,Heteromyidae,,,,Perognathus,,,,Perognathus merriami,,,,,,,
PENA,SMALL_MAMMAL,True,79483,Peromyscus nasutus,,Peromyscus nasutus,Organism,Animalia,,Chordata,Vertebrata,,Mammalia,,Rodentia,,Muroidea,Cricetidae,,,,Peromyscus,,,,Peromyscus nasutus,,,,,,,
PEPA,SMALL_MAMMAL,True,79468,Perognathus parvus,,Perognathus parvus,Organism,Animalia,,Chordata,Vertebrata,,Mammalia,,Rodentia,,,Heteromyidae,,,,Perognathus,,,,Perognathus parvus,,,,,,,
PEPE,SMALL_MAMMAL,True,79484,Peromyscus pectoralis,,Peromyscus pectoralis,Organism,Animalia,,Chordata,Vertebrata,,Mammalia,,Rodentia,,Muroidea,Cricetidae,,,,Peromyscus,,,,Peromyscus pectoralis,,,,,,,
PEPH,SMALL_MAMMAL,True,88344,Peromyscus polionotus phasma,,Peromyscus polionotus phasma,Organism,Animalia,,Chordata,Vertebrata,,Mammalia,,Rodentia,,Muroidea,Cricetidae,,,,Peromyscus,,,,Peromyscus polionotus,Peromyscus polionotus phasma,,,,,,
PEPL,SMALL_MAMMAL,True,88340,Peromyscus polionotus allophrys,,Peromyscus polionotus allophrys,Organism,Animalia,,Chordata,Vertebrata,,Mammalia,,Rodentia,,Muroidea,Cricetidae,,,,Peromyscus,,,,Peromyscus polionotus,Peromyscus polionotus allophrys,,,,,,
PEPM,SMALL_MAMMAL,True,88341,Peromyscus polionotus ammobates,,Peromyscus polionotus ammobates,Organism,Animalia,,Chordata,Vertebrata,,Mammalia,,Rodentia,,Muroidea,Cricetidae,,,,Peromyscus,,,,Peromyscus polionotus,Peromyscus polionotus ammobates,,,,,,
PEPN,SMALL_MAMMAL,True,88342,Peromyscus polionotus niveiventris,,Peromyscus polionotus niveiventris,Organism,Animalia,,Chordata,Vertebrata,,Mammalia,,Rodentia,,Muroidea,Cricetidae,,,,Peromyscus,,,,Peromyscus polionotus,Peromyscus polionotus niveiventris,,,,,,
PEPO,SMALL_MAMMAL,True,79485,Peromyscus polionotus,,Peromyscus polionotus,Organism,Animalia,,Chordata,Vertebrata,,Mammalia,,Rodentia,,Muroidea,Cricetidae,,,,Peromyscus,,,,Peromyscus polionotus,,,,,,,
PEPP,SMALL_MAMMAL,True,88343,Peromyscus polionotus peninsularis,,Peromyscus polionotus peninsularis,Organism,Animalia,,Chordata,Vertebrata,,Mammalia,,Rodentia,,Muroidea,Cricetidae,,,,Peromyscus,,,,Peromyscus polionotus,Peromyscus polionotus peninsularis,,,,,,
PEPT,SMALL_MAMMAL,True,88345,Peromyscus polionotus trissyllepsis,,Peromyscus polionotus trissyllepsis,Organism,Animalia,,Chordata,Vertebrata,,Mammalia,,Rodentia,,Muroidea,Cricetidae,,,,Peromyscus,,,,Peromyscus polionotus,Peromyscus polionotus trissyllepsis,,,,,,
PESP,SMALL_MAMMAL,True,79469,Peromyscus,,Peromyscus sp.,Organism,Animalia,,Chordata,Vertebrata,,Mammalia,,Rodentia,,Muroidea,Cricetidae,,,,Peromyscus,,,,,,,,,,,
PETC,SMALL_MAMMAL,True,88346,Peromyscus truei comanche,,Peromyscus truei comanche,Organism,Animalia,,Chordata,Vertebrata,,Mammalia,,Rodentia,,Muroidea,Cricetidae,,,,Peromyscus,,,,Peromyscus truei,Peromyscus truei comanche,,,,,,
PETR,SMALL_MAMMAL,True,79486,Peromyscus truei,,Peromyscus truei,Organism,Animalia,,Chordata,Vertebrata,,Mammalia,,Rodentia,,Muroidea,Cricetidae,,,,Peromyscus,,,,Peromyscus truei,,,,,,,
PGSP,SMALL_MAMMAL,True,79459,Perognathus,,Perognathus sp.,Organism,Animalia,,Chordata,Vertebrata,,Mammalia,,Rodentia,,,Heteromyidae,,,,Perognathus,,,,,,,,,,,
PHIN,SMALL_MAMMAL,True,79488,Phenacomys intermedius,,Phenacomys intermedius,Organism,Animalia,,Chordata,Vertebrata,,Mammalia,,Rodentia,,Muroidea,Cricetidae,,,,Phenacomys,,,,Phenacomys intermedius,,,,,,,
PHUN,SMALL_MAMMAL,True,79489,Phenacomys ungava,,Phenacomys ungava,Organism,Animalia,,Chordata,Vertebrata,,Mammalia,,Rodentia,,Muroidea,Cricetidae,,,,Phenacomys,,,,Phenacomys ungava,,,,,,,
POFL,SMALL_MAMMAL,True,79491,Podomys floridanus,,Podomys floridanus,Organism,Animalia,,Chordata,Vertebrata,,Mammalia,,Rodentia,,Muroidea,Cricetidae,,,,Podomys,,,,Podomys floridanus,,,,,,,
RAEX,SMALL_MAMMAL,True,79493,Rattus exulans,,Rattus exulans,Organism,Animalia,,Chordata,Vertebrata,,Mammalia,,Rodentia,,Muroidea,Muridae,,,,Rattus,,,,Rattus exulans,,,,,,,
RANO,SMALL_MAMMAL,True,79494,Rattus norvegicus,,Rattus norvegicus,Organism,Animalia,,Chordata,Vertebrata,,Mammalia,,Rodentia,,Muroidea,Muridae,,,,Rattus,,,,Rattus norvegicus,,,,,,,
RARA,SMALL_MAMMAL,True,79495,Rattus rattus,,Rattus rattus,Organism,Animalia,,Chordata,Vertebrata,,Mammalia,,Rodentia,,Muroidea,Muridae,,,,Rattus,,,,Rattus rattus,,,,,,,
RASP,SMALL_MAMMAL,True,79492,Rattus,,Rattus sp.,Organism,Animalia,,Chordata,Vertebrata,,Mammalia,,Rodentia,,Muroidea,Muridae,,,,Rattus,,,,,,,,,,,
REFU,SMALL_MAMMAL,True,79497,Reithrodontomys fulvescens,,Reithrodontomys fulvescens,Organism,Animalia,,Chordata,Vertebrata,,Mammalia,,Rodentia,,Muroidea,Cricetidae,,,,Reithrodontomys,,,,Reithrodontomys fulvescens,,,,,,,
REHU,SMALL_MAMMAL,True,79498,Reithrodontomys humulis,,Reithrodontomys humulis,Organism,Animalia,,Chordata,Vertebrata,,Mammalia,,Rodentia,,Muroidea,Cricetidae,,,,Reithrodontomys,,,,Reithrodontomys humulis,,,,,,,
REME,SMALL_MAMMAL,True,79499,Reithrodontomys megalotis,,Reithrodontomys megalotis,Organism,Animalia,,Chordata,Vertebrata,,Mammalia,,Rodentia,,Muroidea,Cricetidae,,,,Reithrodontomys,,,,Reithrodontomys megalotis,,,,,,,
REMEREMO,SMALL_MAMMAL,True,126657,Reithrodontomys megalotis/montanus,,Reithrodontomys megalotis/montanus,Organism,Animalia,,Chordata,Vertebrata,,Mammalia,,Rodentia,,Muroidea,Cricetidae,,,,Reithrodontomys,,,,Reithrodontomys megalotis/montanus,,,,,,,
REMO,SMALL_MAMMAL,True,79500,Reithrodontomys montanus,,Reithrodontomys montanus,Organism,Animalia,,Chordata,Vertebrata,,Mammalia,,Rodentia,,Muroidea,Cricetidae,,,,Reithrodontomys,,,,Reithrodontomys montanus,,,,,,,
RERA,SMALL_MAMMAL,True,79501,Reithrodontomys raviventris,,Reithrodontomys raviventris,Organism,Animalia,,Chordata,Vertebrata,,Mammalia,,Rodentia,,Muroidea,Cricetidae,,,,Reithrodontomys,,,,Reithrodontomys raviventris,,,,,,,
RESP,SMALL_MAMMAL,True,79496,Reithrodontomys,,Reithrodontomys sp.,Organism,Animalia,,Chordata,Vertebrata,,Mammalia,,Rodentia,,Muroidea,Cricetidae,,,,Reithrodontomys,,,,,,,,,,,
ROSP,SMALL_MAMMAL,True,44339,Rodentia,Subgenus,Rodentia sp.,Organism,Animalia,,Chordata,Vertebrata,,Mammalia,,Rodentia,,,,,,,,,,,,,,,,,,
SCAB,SMALL_MAMMAL,True,79509,Sciurus aberti,,Sciurus aberti,Organism,Animalia,,Chordata,Vertebrata,,Mammalia,,Rodentia,,,Sciuridae,,,,Sciurus,,,,Sciurus aberti,,,,,,,
SCAQ,SMALL_MAMMAL,True,79503,Scalopus aquaticus,,Scalopus aquaticus,Organism,Animalia,,Chordata,Vertebrata,,Mammalia,,Soricomorpha,,,Talpidae,,,,Scalopus,,,,Scalopus aquaticus,,,,,,,
SCAR,SMALL_MAMMAL,True,79510,Sciurus arizonensis,,Sciurus arizonensis,Organism,Animalia,,Chordata,Vertebrata,,Mammalia,,Rodentia,,,Sciuridae,,,,Sciurus,,,,Sciurus arizonensis,,,,,,,
SCCA,SMALL_MAMMAL,True,79511,Sciurus carolinensis,,Sciurus carolinensis,Organism,Animalia,,Chordata,Vertebrata,,Mammalia,,Rodentia,,,Sciuridae,,,,Sciurus,,,,Sciurus carolinensis,,,,,,,
SCGR,SMALL_MAMMAL,True,79512,Sciurus griseus,,Sciurus griseus,Organism,Animalia,,Chordata,Vertebrata,,Mammalia,,Rodentia,,,Sciuridae,,,,Sciurus,,,,Sciurus griseus,,,,,,,
SCLA,SMALL_MAMMAL,True,79505,Scapanus latimanus,,Scapanus latimanus,Organism,Animalia,,Chordata,Vertebrata,,Mammalia,,Soricomorpha,,,Talpidae,,,,Scapanus,,,,Scapanus latimanus,,,,,,,
SCNA,SMALL_MAMMAL,True,79513,Sciurus nayaritensis,,Sciurus nayaritensis,Organism,Animalia,,Chordata,Vertebrata,,Mammalia,,Rodentia,,,Sciuridae,,,,Sciurus,,,,Sciurus nayaritensis,,,,,,,
SCNC,SMALL_MAMMAL,True,88347,Sciurus nayaritensis chiricahuae,,Sciurus nayaritensis chiricahuae,Organism,Animalia,,Chordata,Vertebrata,,Mammalia,,Rodentia,,,Sciuridae,,,,Sciurus,,,,Sciurus nayaritensis,Sciurus nayaritensis chiricahuae,,,,,,
SCNI,SMALL_MAMMAL,True,79514,Sciurus niger,,Sciurus niger,Organism,Animalia,,Chordata,Vertebrata,,Mammalia,,Rodentia,,,Sciuridae,,,,Sciurus,,,,Sciurus niger,,,,,,,
SCNR,SMALL_MAMMAL,True,88349,Sciurus niger cinereus,,Sciurus niger cinereus,Organism,Animalia,,Chordata,Vertebrata,,Mammalia,,Rodentia,,,Sciuridae,,,,Sciurus,,,,Sciurus niger,Sciurus niger cinereus,,,,,,
SCNS,SMALL_MAMMAL,True,88350,Sciurus niger shermani,,Sciurus niger shermani,Organism,Animalia,,Chordata,Vertebrata,,Mammalia,,Rodentia,,,Sciuridae,,,,Sciurus,,,,Sciurus niger,Sciurus niger shermani,,,,,,
SCNV,SMALL_MAMMAL,True,88348,Sciurus niger avicennia,,Sciurus niger avicennia,Organism,Animalia,,Chordata,Vertebrata,,Mammalia,,Rodentia,,,Sciuridae,,,,Sciurus,,,,Sciurus niger,Sciurus niger avicennia,,,,,,
SCOR,SMALL_MAMMAL,True,79506,Scapanus orarius,,Scapanus orarius,Organism,Animalia,,Chordata,Vertebrata,,Mammalia,,Soricomorpha,,,Talpidae,,,,Scapanus,,,,Scapanus orarius,,,,,,,
SCSP,SMALL_MAMMAL,True,79508,Sciurus,,Sciurus sp.,Organism,Animalia,,Chordata,Vertebrata,,Mammalia,,Rodentia,,,Sciuridae,,,,Sciurus,,,,,,,,,,,
SCTO,SMALL_MAMMAL,True,79507,Scapanus townsendii,,Scapanus townsendii,Organism,Animalia,,Chordata,Vertebrata,,Mammalia,,Soricomorpha,,,Talpidae,,,,Scapanus,,,,Scapanus townsendii,,,,,,,
SHSP,SMALL_MAMMAL,True,79278,Soricomorpha,Subgenus,Soricomorpha sp.,Organism,Animalia,,Chordata,Vertebrata,,Mammalia,,Soricomorpha,,,,,,,,,,,,,,,,,,
SIAA,SMALL_MAMMAL,True,88351,Sigmodon arizonae arizonae,,Sigmodon arizonae arizonae,Organism,Animalia,,Chordata,Vertebrata,,Mammalia,,Rodentia,,Muroidea,Cricetidae,,,,Sigmodon,,,,Sigmodon arizonae,Sigmodon arizonae arizonae,,,,,,
SIAJ,SMALL_MAMMAL,True,88352,Sigmodon arizonae jacksoni,,Sigmodon arizonae jacksoni,Organism,Animalia,,Chordata,Vertebrata,,Mammalia,,Rodentia,,Muroidea,Cricetidae,,,,Sigmodon,,,,Sigmodon arizonae,Sigmodon arizonae jacksoni,,,,,,
SIAR,SMALL_MAMMAL,True,79516,Sigmodon arizonae,,Sigmodon arizonae,Organism,Animalia,,Chordata,Vertebrata,,Mammalia,,Rodentia,,Muroidea,Cricetidae,,,,Sigmodon,,,,Sigmodon arizonae,,,,,,,
SIFU,SMALL_MAMMAL,True,79517,Sigmodon fulviventer,,Sigmodon fulviventer,Organism,Animalia,,Chordata,Vertebrata,,Mammalia,,Rodentia,,Muroidea,Cricetidae,,,,Sigmodon,,,,Sigmodon fulviventer,,,,,,,
SIHE,SMALL_MAMMAL,True,88353,Sigmodon hispidus eremicus,,Sigmodon hispidus eremicus,Organism,Animalia,,Chordata,Vertebrata,,Mammalia,,Rodentia,,Muroidea,Cricetidae,,,,Sigmodon,,,,Sigmodon hispidus,Sigmodon hispidus eremicus,,,,,,
SIHI,SMALL_MAMMAL,True,79518,Sigmodon hispidus,,Sigmodon hispidus,Organism,Animalia,,Chordata,Vertebrata,,Mammalia,,Rodentia,,Muroidea,Cricetidae,,,,Sigmodon,,,,Sigmodon hispidus,,,,,,,
SIOC,SMALL_MAMMAL,True,79519,Sigmodon ochrognathus,,Sigmodon ochrognathus,Organism,Animalia,,Chordata,Vertebrata,,Mammalia,,Rodentia,,Muroidea,Cricetidae,,,,Sigmodon,,,,Sigmodon ochrognathus,,,,,,,
SISP,SMALL_MAMMAL,True,79515,Sigmodon,,Sigmodon sp.,Organism,Animalia,,Chordata,Vertebrata,,Mammalia,,Rodentia,,Muroidea,Cricetidae,,,,Sigmodon,,,,,,,,,,,
SLSP,SMALL_MAMMAL,True,79600,Sylvilagus,,Sylvilagus sp.,Organism,Animalia,,Chordata,Vertebrata,,Mammalia,,Lagomorpha,,,Leporidae,,,,Sylvilagus,,,,,,,,,,,
SMSP,SMALL_MAMMAL,True,79548,Spermophilus,,Spermophilus sp.,Organism,Animalia,,Chordata,Vertebrata,,Mammalia,,Rodentia,,,Sciuridae,,,,Spermophilus,,,,,,,,,,,
SNSP,SMALL_MAMMAL,True,79504,Scapanus,,Scapanus sp.,Organism,Animalia,,Chordata,Vertebrata,,Mammalia,,Soricomorpha,,,Talpidae,,,,Scapanus,,,,,,,,,,,
SOAL,SMALL_MAMMAL,True,135067,Sorex alaskanus,,Sorex alaskanus,Organism,Animalia,,Chordata,Vertebrata,,Mammalia,,Soricomorpha,,,Soricidae,,,,Sorex,Otisorex (Otisorex),,,Sorex alaskanus,,,,,,,
SOAR,SMALL_MAMMAL,True,79522,Sorex arcticus,,Sorex arcticus,Organism,Animalia,,Chordata,Vertebrata,,Mammalia,,Soricomorpha,,,Soricidae,,,,Sorex,,,,Sorex arcticus,,,,,,,
SOAZ,SMALL_MAMMAL,True,79523,Sorex arizonae,,Sorex arizonae,Organism,Animalia,,Chordata,Vertebrata,,Mammalia,,Soricomorpha,,,Soricidae,,,,Sorex,,,,Sorex arizonae,,,,,,,
SOBA,SMALL_MAMMAL,True,135068,Sorex bairdi,,Sorex bairdi,Organism,Animalia,,Chordata,Vertebrata,,Mammalia,,Soricomorpha,,,Soricidae,,,,Sorex,Otisorex (Otisorex),,,Sorex bairdi,,,,,,,
SOBE,SMALL_MAMMAL,True,79525,Sorex bendirii,,Sorex bendirii,Organism,Animalia,,Chordata,Vertebrata,,Mammalia,,Soricomorpha,,,Soricidae,,,,Sorex,,,,Sorex bendirii,,,,,,,
SOCI,SMALL_MAMMAL,True,79526,Sorex cinereus,,Sorex cinereus,Organism,Animalia,,Chordata,Vertebrata,,Mammalia,,Soricomorpha,,,Soricidae,,,,Sorex,,,,Sorex cinereus,,,,,,,
SOCISOHA,SMALL_MAMMAL,True,126658,Sorex cinereus/haydeni,,Sorex cinereus/haydeni,Organism,Animalia,,Chordata,Vertebrata,,Mammalia,,Soricomorpha,,,Soricidae,,,,Sorex,,,,Sorex cinereus/haydeni,,,,,,,
SODI,SMALL_MAMMAL,True,79527,Sorex dispar,,Sorex dispar,Organism,Animalia,,Chordata,Vertebrata,,Mammalia,,Soricomorpha,,,Soricidae,,,,Sorex,,,,Sorex dispar,,,,,,,
SOFU,SMALL_MAMMAL,True,79528,Sorex fumeus,,Sorex fumeus,Organism,Animalia,,Chordata,Vertebrata,,Mammalia,,Soricomorpha,,,Soricidae,,,,Sorex,,,,Sorex fumeus,,,,,,,
SOHA,SMALL_MAMMAL,True,79529,Sorex haydeni,,Sorex haydeni,Organism,Animalia,,Chordata,Vertebrata,,Mammalia,,Soricomorpha,,,Soricidae,,,,Sorex,,,,Sorex haydeni,,,,,,,
SOHO,SMALL_MAMMAL,True,79530,Sorex hoyi,,Sorex hoyi,Organism,Animalia,,Chordata,Vertebrata,,Mammalia,,Soricomorpha,,,Soricidae,,,,Sorex,,,,Sorex hoyi,,,,,,,
SOLE,SMALL_MAMMAL,True,88354,Sorex longirostris eonis,,Sorex longirostris eonis,Organism,Animalia,,Chordata,Vertebrata,,Mammalia,,Soricomorpha,,,Soricidae,,,,Sorex,,,,Sorex longirostris,Sorex longirostris eonis,,,,,,
SOLF,SMALL_MAMMAL,True,88355,Sorex longirostris fisheri,,Sorex longirostris fisheri,Organism,Animalia,,Chordata,Vertebrata,,Mammalia,,Soricomorpha,,,Soricidae,,,,Sorex,,,,Sorex longirostris,Sorex longirostris fisheri,,,,,,
SOLO,SMALL_MAMMAL,True,79531,Sorex longirostris,,Sorex longirostris,Organism,Animalia,,Chordata,Vertebrata,,Mammalia,,Soricomorpha,,,Soricidae,,,,Sorex,,,,Sorex longirostris,,,,,,,
SOLY,SMALL_MAMMAL,True,79532,Sorex lyelli,,Sorex lyelli,Organism,Animalia,,Chordata,Vertebrata,,Mammalia,,Soricomorpha,,,Soricidae,,,,Sorex,,,,Sorex lyelli,,,,,,,
SOME,SMALL_MAMMAL,True,79533,Sorex merriami,,Sorex merriami,Organism,Animalia,,Chordata,Vertebrata,,Mammalia,,Soricomorpha,,,Soricidae,,,,Sorex,,,,Sorex merriami,,,,,,,
SOMO,SMALL_MAMMAL,True,79534,Sorex monticolus,,Sorex monticolus,Organism,Animalia,,Chordata,Vertebrata,,Mammalia,,Soricomorpha,,,Soricidae,,,,Sorex,,,,Sorex monticolus,,,,,,,
SOMY,SMALL_MAMMAL,True,79547,Sorex minutissimus yukonicus,,Sorex minutissimus yukonicus,Organism,Animalia,,Chordata,Vertebrata,,Mammalia,,Soricomorpha,,,Soricidae,,,,Sorex,,,,Sorex minutissimus yukonicus,,,,,,,
SONA,SMALL_MAMMAL,True,79535,Sorex nanus,,Sorex nanus,Organism,Animalia,,Chordata,Vertebrata,,Mammalia,,Soricomorpha,,,Soricidae,,,,Sorex,,,,Sorex nanus,,,,,,,
SONE,SMALL_MAMMAL,True,79536,Sorex neomexicanus,,Sorex neomexicanus,Organism,Animalia,,Chordata,Vertebrata,,Mammalia,,Soricomorpha,,,Soricidae,,,,Sorex,,,,Sorex neomexicanus,,,,,,,
SOOR,SMALL_MAMMAL,True,79537,Sorex ornatus,,Sorex ornatus,Organism,Animalia,,Chordata,Vertebrata,,Mammalia,,Soricomorpha,,,Soricidae,,,,Sorex,,,,Sorex ornatus,,,,,,,
SOPA,SMALL_MAMMAL,True,79539,Sorex palustris,,Sorex palustris,Organism,Animalia,,Chordata,Vertebrata,,Mammalia,,Soricomorpha,,,Soricidae,,,,Sorex,,,,Sorex palustris,,,,,,,
SOPC,SMALL_MAMMAL,True,79538,Sorex pacificus,,Sorex pacificus,Organism,Animalia,,Chordata,Vertebrata,,Mammalia,,Soricomorpha,,,Soricidae,,,,Sorex,,,,Sorex pacificus,,,,,,,
SOPP,SMALL_MAMMAL,True,88357,Sorex palustris punctulatus,,Sorex palustris punctulatus,Organism,Animalia,,Chordata,Vertebrata,,Mammalia,,Soricomorpha,,,Soricidae,,,,Sorex,,,,Sorex palustris,Sorex palustris punctulatus,,,,,,
SOPR,SMALL_MAMMAL,True,79540,Sorex preblei,,Sorex preblei,Organism,Animalia,,Chordata,Vertebrata,,Mammalia,,Soricomorpha,,,Soricidae,,,,Sorex,,,,Sorex preblei,,,,,,,
SORR,SMALL_MAMMAL,True,88356,Sorex ornatus relictus,,Sorex ornatus relictus,Organism,Animalia,,Chordata,Vertebrata,,Mammalia,,Soricomorpha,,,Soricidae,,,,Sorex,,,,Sorex ornatus,Sorex ornatus relictus,,,,,,
SOSO,SMALL_MAMMAL,True,79541,Sorex sonomae,,Sorex sonomae,Organism,Animalia,,Chordata,Vertebrata,,Mammalia,,Soricomorpha,,,Soricidae,,,,Sorex,,,,Sorex sonomae,,,,,,,
SOSP,SMALL_MAMMAL,True,79520,Sorex,,Sorex sp.,Organism,Animalia,,Chordata,Vertebrata,,Mammalia,,Soricomorpha,,,Soricidae,,,,Sorex,,,,,,,,,,,
SOTE,SMALL_MAMMAL,True,79542,Sorex tenellus,,Sorex tenellus,Organism,Animalia,,Chordata,Vertebrata,,Mammalia,,Soricomorpha,,,Soricidae,,,,Sorex,,,,Sorex tenellus,,,,,,,
SOTR,SMALL_MAMMAL,True,79543,Sorex trowbridgii,,Sorex trowbridgii,Organism,Animalia,,Chordata,Vertebrata,,Mammalia,,Soricomorpha,,,Soricidae,,,,Sorex,,,,Sorex trowbridgii,,,,,,,
SOTU,SMALL_MAMMAL,True,79544,Sorex tundrensis,,Sorex tundrensis,Organism,Animalia,,Chordata,Vertebrata,,Mammalia,,Soricomorpha,,,Soricidae,,,,Sorex,,,,Sorex tundrensis,,,,,,,
SOUG,SMALL_MAMMAL,True,79545,Sorex ugyunak,,Sorex ugyunak,Organism,Animalia,,Chordata,Vertebrata,,Mammalia,,Soricomorpha,,,Soricidae,,,,Sorex,,,,Sorex ugyunak,,,,,,,
SOVA,SMALL_MAMMAL,True,79546,Sorex vagrans,,Sorex vagrans,Organism,Animalia,,Chordata,Vertebrata,,Mammalia,,Soricomorpha,,,Soricidae,,,,Sorex,,,,Sorex vagrans,,,,,,,
SOYU,SMALL_MAMMAL,True,131986,Sorex yukonicus,,Sorex yukonicus,Organism,Animalia,,Chordata,Vertebrata,,Mammalia,,Soricomorpha,,,Soricidae,,,,Sorex,,,,Sorex yukonicus,,,,,,,
SPAR,SMALL_MAMMAL,True,79551,Spermophilus armatus,,Spermophilus armatus,Organism,Animalia,,Chordata,Vertebrata,,Mammalia,,Rodentia,,,Sciuridae,,,,Spermophilus,,,,Spermophilus armatus,,,,,,,
SPBB,SMALL_MAMMAL,True,88358,Spermophilus brunneus brunneus,,Spermophilus brunneus brunneus,Organism,Animalia,,Chordata,Vertebrata,,Mammalia,,Rodentia,,,Sciuridae,,,,Spermophilus,,,,Spermophilus brunneus,Spermophilus brunneus brunneus,,,,,,
SPBD,SMALL_MAMMAL,True,79556,Spermophilus beldingi,,Spermophilus beldingi,Organism,Animalia,,Chordata,Vertebrata,,Mammalia,,Rodentia,,,Sciuridae,,,,Spermophilus,,,,Spermophilus beldingi,,,,,,,
SPBE,SMALL_MAMMAL,True,79554,Spermophilus beecheyi,,Spermophilus beecheyi,Organism,Animalia,,Chordata,Vertebrata,,Mammalia,,Rodentia,,,Sciuridae,,,,Spermophilus,,,,Spermophilus beecheyi,,,,,,,
SPBR,SMALL_MAMMAL,True,79558,Spermophilus brunneus,,Spermophilus brunneus,Organism,Animalia,,Chordata,Vertebrata,,Mammalia,,Rodentia,,,Sciuridae,,,,Spermophilus,,,,Spermophilus brunneus,,,,,,,
SPCA,SMALL_MAMMAL,True,79560,Spermophilus canus,,Spermophilus canus,Organism,Animalia,,Chordata,Vertebrata,,Mammalia,,Rodentia,,,Sciuridae,,,,Spermophilus,,,,Spermophilus canus,,,,,,,
SPCO,SMALL_MAMMAL,True,79562,Spermophilus columbianus,,Spermophilus columbianus,Organism,Animalia,,Chordata,Vertebrata,,Mammalia,,Rodentia,,,Sciuridae,,,,Spermophilus,,,,Spermophilus columbianus,,,,,,,
SPEL,SMALL_MAMMAL,True,79564,Spermophilus elegans,,Spermophilus elegans,Organism,Animalia,,Chordata,Vertebrata,,Mammalia,,Rodentia,,,Sciuridae,,,,Spermophilus,,,,Spermophilus elegans,,,,,,,
SPFR,SMALL_MAMMAL,True,79567,Spermophilus franklinii,,Spermophilus franklinii,Organism,Animalia,,Chordata,Vertebrata,,Mammalia,,Rodentia,,,Sciuridae,,,,Spermophilus,,,,Spermophilus franklinii,,,,,,,
SPGR,SMALL_MAMMAL,True,79598,Spilogale gracilis,,Spilogale gracilis,Organism,Animalia,,Chordata,Vertebrata,,Mammalia,,Carnivora,,,Mephitidae,,,,Spilogale,,,,Spilogale gracilis,,,,,,,
SPLA,SMALL_MAMMAL,True,79570,Spermophilus lateralis,,Spermophilus lateralis,Organism,Animalia,,Chordata,Vertebrata,,Mammalia,,Rodentia,,,Sciuridae,,,,Spermophilus,,,,Spermophilus lateralis,,,,,,,
SPME,SMALL_MAMMAL,True,79573,Spermophilus mexicanus,,Spermophilus mexicanus,Organism,Animalia,,Chordata,Vertebrata,,Mammalia,,Rodentia,,,Sciuridae,,,,Spermophilus,,,,Spermophilus mexicanus,,,,,,,
SPMO,SMALL_MAMMAL,True,79578,Spermophilus mollis,,Spermophilus mollis,Organism,Animalia,,Chordata,Vertebrata,,Mammalia,,Rodentia,,,Sciuridae,,,,Spermophilus,,,,Spermophilus mollis,,,,,,,
SPMV,SMALL_MAMMAL,True,79576,Spermophilus mohavensis,,Spermophilus mohavensis,Organism,Animalia,,Chordata,Vertebrata,,Mammalia,,Rodentia,,,Sciuridae,,,,Spermophilus,,,,Spermophilus mohavensis,,,,,,,
SPPA,SMALL_MAMMAL,True,79580,Spermophilus parryii,,Spermophilus parryii,Organism,Animalia,,Chordata,Vertebrata,,Mammalia,,Rodentia,,,Sciuridae,,,,Spermophilus,,,,Spermophilus parryii,,,,,,,
SPPU,SMALL_MAMMAL,True,79599,Spilogale putorius,,Spilogale putorius,Organism,Animalia,,Chordata,Vertebrata,,Mammalia,,Carnivora,,,Mephitidae,,,,Spilogale,,,,Spilogale putorius,,,,,,,
SPRI,SMALL_MAMMAL,True,79582,Spermophilus richardsonii,,Spermophilus richardsonii,Organism,Animalia,,Chordata,Vertebrata,,Mammalia,,Rodentia,,,Sciuridae,,,,Spermophilus,,,,Spermophilus richardsonii,,,,,,,
SPSA,SMALL_MAMMAL,True,79584,Spermophilus saturatus,,Spermophilus saturatus,Organism,Animalia,,Chordata,Vertebrata,,Mammalia,,Rodentia,,,Sciuridae,,,,Spermophilus,,,,Spermophilus saturatus,,,,,,,
SPSP,SMALL_MAMMAL,True,79586,Spermophilus spilosoma,,Spermophilus spilosoma,Organism,Animalia,,Chordata,Vertebrata,,Mammalia,,Rodentia,,,Sciuridae,,,,Spermophilus,,,,Spermophilus spilosoma,,,,,,,
SPTE,SMALL_MAMMAL,True,79588,Spermophilus tereticaudus,,Spermophilus tereticaudus,Organism,Animalia,,Chordata,Vertebrata,,Mammalia,,Rodentia,,,Sciuridae,,,,Spermophilus,,,,Spermophilus tereticaudus,,,,,,,
SPTM,SMALL_MAMMAL,True,88359,Spermophilus tridecemlineatus monticola,,Spermophilus tridecemlineatus monticola,Organism,Animalia,,Chordata,Vertebrata,,Mammalia,,Rodentia,,,Sciuridae,,,,Spermophilus,,,,Spermophilus tridecemlineatus,Spermophilus tridecemlineatus monticola,,,,,,
SPTO,SMALL_MAMMAL,True,79590,Spermophilus townsendii,,Spermophilus townsendii,Organism,Animalia,,Chordata,Vertebrata,,Mammalia,,Rodentia,,,Sciuridae,,,,Spermophilus,,,,Spermophilus townsendii,,,,,,,
SPTR,SMALL_MAMMAL,True,79592,Spermophilus tridecemlineatus,,Spermophilus tridecemlineatus,Organism,Animalia,,Chordata,Vertebrata,,Mammalia,,Rodentia,,,Sciuridae,,,,Spermophilus,,,,Spermophilus tridecemlineatus,,,,,,,
SPVA,SMALL_MAMMAL,True,79594,Spermophilus variegatus,,Spermophilus variegatus,Organism,Animalia,,Chordata,Vertebrata,,Mammalia,,Rodentia,,,Sciuridae,,,,Spermophilus,,,,Spermophilus variegatus,,,,,,,
SPWA,SMALL_MAMMAL,True,79596,Spermophilus washingtoni,,Spermophilus washingtoni,Organism,Animalia,,Chordata,Vertebrata,,Mammalia,,Rodentia,,,Sciuridae,,,,Spermophilus,,,,Spermophilus washingtoni,,,,,,,
SRSP,SMALL_MAMMAL,True,79279,Soricidae,Class,Soricidae sp.,Organism,Animalia,,Chordata,Vertebrata,,Mammalia,,Soricomorpha,,,Soricidae,,,,,,,,,,,,,,,
SUSP,SMALL_MAMMAL,True,79263,Sciuridae,Class,Sciuridae sp.,Organism,Animalia,,Chordata,Vertebrata,,Mammalia,,Rodentia,,,Sciuridae,,,,,,,,,,,,,,,
SYAQ,SMALL_MAMMAL,True,79601,Sylvilagus aquaticus,,Sylvilagus aquaticus,Organism,Animalia,,Chordata,Vertebrata,,Mammalia,,Lagomorpha,,,Leporidae,,,,Sylvilagus,,,,Sylvilagus aquaticus,,,,,,,
SYAU,SMALL_MAMMAL,True,79602,Sylvilagus audubonii,,Sylvilagus audubonii,Organism,Animalia,,Chordata,Vertebrata,,Mammalia,,Lagomorpha,,,Leporidae,,,,Sylvilagus,,,,Sylvilagus audubonii,,,,,,,
SYBA,SMALL_MAMMAL,True,79603,Sylvilagus bachmani,,Sylvilagus bachmani,Organism,Animalia,,Chordata,Vertebrata,,Mammalia,,Lagomorpha,,,Leporidae,,,,Sylvilagus,,,,Sylvilagus bachmani,,,,,,,
SYBO,SMALL_MAMMAL,True,79610,Synaptomys borealis,,Synaptomys borealis,Organism,Animalia,,Chordata,Vertebrata,,Mammalia,,Rodentia,,Muroidea,Cricetidae,,,,Synaptomys,,,,Synaptomys borealis,,,,,,,
SYBR,SMALL_MAMMAL,True,88360,Sylvilagus bachmani riparius,,Sylvilagus bachmani riparius,Organism,Animalia,,Chordata,Vertebrata,,Mammalia,,Lagomorpha,,,Leporidae,,,,Sylvilagus,,,,Sylvilagus bachmani,Sylvilagus bachmani riparius,,,,,,
SYBS,SMALL_MAMMAL,True,88362,Synaptomys borealis sphagnicola,,Synaptomys borealis sphagnicola,Organism,Animalia,,Chordata,Vertebrata,,Mammalia,,Rodentia,,Muroidea,Cricetidae,,,,Synaptomys,,,,Synaptomys borealis,Synaptomys borealis sphagnicola,,,,,,
SYCO,SMALL_MAMMAL,True,79611,Synaptomys cooperi,,Synaptomys cooperi,Organism,Animalia,,Chordata,Vertebrata,,Mammalia,,Rodentia,,Muroidea,Cricetidae,,,,Synaptomys,,,,Synaptomys cooperi,,,,,,,
SYFL,SMALL_MAMMAL,True,79604,Sylvilagus floridanus,,Sylvilagus floridanus,Organism,Animalia,,Chordata,Vertebrata,,Mammalia,,Lagomorpha,,,Leporidae,,,,Sylvilagus,,,,Sylvilagus floridanus,,,,,,,
SYNU,SMALL_MAMMAL,True,79605,Sylvilagus nuttallii,,Sylvilagus nuttallii,Organism,Animalia,,Chordata,Vertebrata,,Mammalia,,Lagomorpha,,,Leporidae,,,,Sylvilagus,,,,Sylvilagus nuttallii,,,,,,,
SYOB,SMALL_MAMMAL,True,79606,Sylvilagus obscurus,,Sylvilagus obscurus,Organism,Animalia,,Chordata,Vertebrata,,Mammalia,,Lagomorpha,,,Leporidae,,,,Sylvilagus,,,,Sylvilagus obscurus,,,,,,,
SYPA,SMALL_MAMMAL,True,79607,Sylvilagus palustris,,Sylvilagus palustris,Organism,Animalia,,Chordata,Vertebrata,,Mammalia,,Lagomorpha,,,Leporidae,,,,Sylvilagus,,,,Sylvilagus palustris,,,,,,,
SYPH,SMALL_MAMMAL,True,88361,Sylvilagus palustris hefneri,,Sylvilagus palustris hefneri,Organism,Animalia,,Chordata,Vertebrata,,Mammalia,,Lagomorpha,,,Leporidae,,,,Sylvilagus,,,,Sylvilagus palustris,Sylvilagus palustris hefneri,,,,,,
SYSP,SMALL_MAMMAL,True,79609,Synaptomys,,Synaptomys sp.,Organism,Animalia,,Chordata,Vertebrata,,Mammalia,,Rodentia,,Muroidea,Cricetidae,,,,Synaptomys,,,,,,,,,,,
SYTR,SMALL_MAMMAL,True,79608,Sylvilagus transitionalis,,Sylvilagus transitionalis,Organism,Animalia,,Chordata,Vertebrata,,Mammalia,,Lagomorpha,,,Leporidae,,,,Sylvilagus,,,,Sylvilagus transitionalis,,,,,,,
TAAL,SMALL_MAMMAL,True,79613,Tamias alpinus,,Tamias alpinus,Organism,Animalia,,Chordata,Vertebrata,,Mammalia,,Rodentia,,,Sciuridae,,,,Tamias,,,,Tamias alpinus,,,,,,,
TAAM,SMALL_MAMMAL,True,79614,Tamias amoenus,,Tamias amoenus,Organism,Animalia,,Chordata,Vertebrata,,Mammalia,,Rodentia,,,Sciuridae,,,,Tamias,,,,Tamias amoenus,,,,,,,
TACA,SMALL_MAMMAL,True,79615,Tamias canipes,,Tamias canipes,Organism,Animalia,,Chordata,Vertebrata,,Mammalia,,Rodentia,,,Sciuridae,,,,Tamias,,,,Tamias canipes,,,,,,,
TACI,SMALL_MAMMAL,True,79616,Tamias cinereicollis,,Tamias cinereicollis,Organism,Animalia,,Chordata,Vertebrata,,Mammalia,,Rodentia,,,Sciuridae,,,,Tamias,,,,Tamias cinereicollis,,,,,,,
TADO,SMALL_MAMMAL,True,79617,Tamias dorsalis,,Tamias dorsalis,Organism,Animalia,,Chordata,Vertebrata,,Mammalia,,Rodentia,,,Sciuridae,,,,Tamias,,,,Tamias dorsalis,,,,,,,
TAHG,SMALL_MAMMAL,True,88363,Tamiasciurus hudsonicus grahamensis,,Tamiasciurus hudsonicus grahamensis,Organism,Animalia,,Chordata,Vertebrata,,Mammalia,,Rodentia,,,Sciuridae,,,,Tamiasciurus,,,,Tamiasciurus hudsonicus,Tamiasciurus hudsonicus grahamensis,,,,,,
TAHU,SMALL_MAMMAL,True,79637,Tamiasciurus hudsonicus,,Tamiasciurus hudsonicus,Organism,Animalia,,Chordata,Vertebrata,,Mammalia,,Rodentia,,,Sciuridae,,,,Tamiasciurus,,,,Tamiasciurus hudsonicus,,,,,,,
TAME,SMALL_MAMMAL,True,79618,Tamias merriami,,Tamias merriami,Organism,Animalia,,Chordata,Vertebrata,,Mammalia,,Rodentia,,,Sciuridae,,,,Tamias,,,,Tamias merriami,,,,,,,
TAMI,SMALL_MAMMAL,True,79619,Tamias minimus,,Tamias minimus,Organism,Animalia,,Chordata,Vertebrata,,Mammalia,,Rodentia,,,Sciuridae,,,,Tamias,,,,Tamias minimus,,,,,,,
TAOB,SMALL_MAMMAL,True,79620,Tamias obscurus,,Tamias obscurus,Organism,Animalia,,Chordata,Vertebrata,,Mammalia,,Rodentia,,,Sciuridae,,,,Tamias,,,,Tamias obscurus,,,,,,,
TAOC,SMALL_MAMMAL,True,79621,Tamias ochrogenys,,Tamias ochrogenys,Organism,Animalia,,Chordata,Vertebrata,,Mammalia,,Rodentia,,,Sciuridae,,,,Tamias,,,,Tamias ochrogenys,,,,,,,
TAPA,SMALL_MAMMAL,True,79622,Tamias palmeri,,Tamias palmeri,Organism,Animalia,,Chordata,Vertebrata,,Mammalia,,Rodentia,,,Sciuridae,,,,Tamias,,,,Tamias palmeri,,,,,,,
TAPN,SMALL_MAMMAL,True,79623,Tamias panamintinus,,Tamias panamintinus,Organism,Animalia,,Chordata,Vertebrata,,Mammalia,,Rodentia,,,Sciuridae,,,,Tamias,,,,Tamias panamintinus,,,,,,,
TAQD,SMALL_MAMMAL,True,79624,Tamias quadrimaculatus,,Tamias quadrimaculatus,Organism,Animalia,,Chordata,Vertebrata,,Mammalia,,Rodentia,,,Sciuridae,,,,Tamias,,,,Tamias quadrimaculatus,,,,,,,
TAQU,SMALL_MAMMAL,True,79625,Tamias quadrivittatus,,Tamias quadrivittatus,Organism,Animalia,,Chordata,Vertebrata,,Mammalia,,Rodentia,,,Sciuridae,,,,Tamias,,,,Tamias quadrivittatus,,,,,,,
TARC,SMALL_MAMMAL,True,79626,Tamias ruficaudus,,Tamias ruficaudus,Organism,Animalia,,Chordata,Vertebrata,,Mammalia,,Rodentia,,,Sciuridae,,,,Tamias,,,,Tamias ruficaudus,,,,,,,
TARU,SMALL_MAMMAL,True,79627,Tamias rufus,,Tamias rufus,Organism,Animalia,,Chordata,Vertebrata,,Mammalia,,Rodentia,,,Sciuridae,,,,Tamias,,,,Tamias rufus,,,,,,,
TASE,SMALL_MAMMAL,True,79628,Tamias senex,,Tamias senex,Organism,Animalia,,Chordata,Vertebrata,,Mammalia,,Rodentia,,,Sciuridae,,,,Tamias,,,,Tamias senex,,,,,,,
TASI,SMALL_MAMMAL,True,79629,Tamias siskiyou,,Tamias siskiyou,Organism,Animalia,,Chordata,Vertebrata,,Mammalia,,Rodentia,,,Sciuridae,,,,Tamias,,,,Tamias siskiyou,,,,,,,
TASO,SMALL_MAMMAL,True,79630,Tamias sonomae,,Tamias sonomae,Organism,Animalia,,Chordata,Vertebrata,,Mammalia,,Rodentia,,,Sciuridae,,,,Tamias,,,,Tamias sonomae,,,,,,,
TASP,SMALL_MAMMAL,True,79631,Tamias speciosus,,Tamias speciosus,Organism,Animalia,,Chordata,Vertebrata,,Mammalia,,Rodentia,,,Sciuridae,,,,Tamias,,,,Tamias speciosus,,,,,,,
TAST,SMALL_MAMMAL,True,79632,Tamias striatus,,Tamias striatus,Organism,Animalia,,Chordata,Vertebrata,,Mammalia,,Rodentia,,,Sciuridae,,,,Tamias,,,,Tamias striatus,,,,,,,
TATO,SMALL_MAMMAL,True,79633,Tamias townsendii,,Tamias townsendii,Organism,Animalia,,Chordata,Vertebrata,,Mammalia,,Rodentia,,,Sciuridae,,,,Tamias,,,,Tamias townsendii,,,,,,,
TAUM,SMALL_MAMMAL,True,79634,Tamias umbrinus,,Tamias umbrinus,Organism,Animalia,,Chordata,Vertebrata,,Mammalia,,Rodentia,,,Sciuridae,,,,Tamias,,,,Tamias umbrinus,,,,,,,
THBM,SMALL_MAMMAL,True,88364,Thomomys bottae mearnsi,,Thomomys bottae mearnsi,Organism,Animalia,,Chordata,Vertebrata,,Mammalia,,Rodentia,,,Geomyidae,,,,Thomomys,,,,Thomomys bottae,Thomomys bottae mearnsi,,,,,,
THBO,SMALL_MAMMAL,True,79639,Thomomys bottae,,Thomomys bottae,Organism,Animalia,,Chordata,Vertebrata,,Mammalia,,Rodentia,,,Geomyidae,,,,Thomomys,,,,Thomomys bottae,,,,,,,
THBS,SMALL_MAMMAL,True,88365,Thomomys bottae subsimilis,,Thomomys bottae subsimilis,Organism,Animalia,,Chordata,Vertebrata,,Mammalia,,Rodentia,,,Geomyidae,,,,Thomomys,,,,Thomomys bottae,Thomomys bottae subsimilis,,,,,,
THBU,SMALL_MAMMAL,True,79640,Thomomys bulbivorus,,Thomomys bulbivorus,Organism,Animalia,,Chordata,Vertebrata,,Mammalia,,Rodentia,,,Geomyidae,,,,Thomomys,,,,Thomomys bulbivorus,,,,,,,
THCL,SMALL_MAMMAL,True,79641,Thomomys clusius,,Thomomys clusius,Organism,Animalia,,Chordata,Vertebrata,,Mammalia,,Rodentia,,,Geomyidae,,,,Thomomys,,,,Thomomys clusius,,,,,,,
THID,SMALL_MAMMAL,True,79642,Thomomys idahoensis,,Thomomys idahoensis,Organism,Animalia,,Chordata,Vertebrata,,Mammalia,,Rodentia,,,Geomyidae,,,,Thomomys,,,,Thomomys idahoensis,,,,,,,
THMA,SMALL_MAMMAL,True,79643,Thomomys mazama,,Thomomys mazama,Organism,Animalia,,Chordata,Vertebrata,,Mammalia,,Rodentia,,,Geomyidae,,,,Thomomys,,,,Thomomys mazama,,,,,,,
THMO,SMALL_MAMMAL,True,79644,Thomomys monticola,,Thomomys monticola,Organism,Animalia,,Chordata,Vertebrata,,Mammalia,,Rodentia,,,Geomyidae,,,,Thomomys,,,,Thomomys monticola,,,,,,,
THSP,SMALL_MAMMAL,True,79638,Thomomys,,Thomomys sp.,Organism,Animalia,,Chordata,Vertebrata,,Mammalia,,Rodentia,,,Geomyidae,,,,Thomomys,,,,,,,,,,,
THTA,SMALL_MAMMAL,True,79645,Thomomys talpoides,,Thomomys talpoides,Organism,Animalia,,Chordata,Vertebrata,,Mammalia,,Rodentia,,,Geomyidae,,,,Thomomys,,,,Thomomys talpoides,,,,,,,
THTM,SMALL_MAMMAL,True,88366,Thomomys talpoides macrotis,,Thomomys talpoides macrotis,Organism,Animalia,,Chordata,Vertebrata,,Mammalia,,Rodentia,,,Geomyidae,,,,Thomomys,,,,Thomomys talpoides,Thomomys talpoides macrotis,,,,,,
THTO,SMALL_MAMMAL,True,79646,Thomomys townsendii,,Thomomys townsendii,Organism,Animalia,,Chordata,Vertebrata,,Mammalia,,Rodentia,,,Geomyidae,,,,Thomomys,,,,Thomomys townsendii,,,,,,,
THUI,SMALL_MAMMAL,True,88367,Thomomys umbrinus intermedius,,Thomomys umbrinus intermedius,Organism,Animalia,,Chordata,Vertebrata,,Mammalia,,Rodentia,,,Geomyidae,,,,Thomomys,,,,Thomomys umbrinus,Thomomys umbrinus intermedius,,,,,,
THUM,SMALL_MAMMAL,True,79647,Thomomys umbrinus,,Thomomys umbrinus,Organism,Animalia,,Chordata,Vertebrata,,Mammalia,,Rodentia,,,Geomyidae,,,,Thomomys,,,,Thomomys umbrinus,,,,,,,
TMSP,SMALL_MAMMAL,True,79612,Tamias,,Tamias sp.,Organism,Animalia,,Chordata,Vertebrata,,Mammalia,,Rodentia,,,Sciuridae,,,,Tamias,,,,,,,,,,,
TSDO,SMALL_MAMMAL,True,79636,Tamiasciurus douglasii,,Tamiasciurus douglasii,Organism,Animalia,,Chordata,Vertebrata,,Mammalia,,Rodentia,,,Sciuridae,,,,Tamiasciurus,,,,Tamiasciurus douglasii,,,,,,,
TSSP,SMALL_MAMMAL,True,79635,Tamiasciurus,,Tamiasciurus sp.,Organism,Animalia,,Chordata,Vertebrata,,Mammalia,,Rodentia,,,Sciuridae,,,,Tamiasciurus,,,,,,,,,,,
ZAHL,SMALL_MAMMAL,True,88368,Zapus hudsonius luteus,,Zapus hudsonius luteus,Organism,Animalia,,Chordata,Vertebrata,,Mammalia,,Rodentia,,Dipodoidea,Zapodidae,,,,Zapus,,,,Zapus hudsonius,Zapus hudsonius luteus,,,,,,
ZAHP,SMALL_MAMMAL,True,88369,Zapus hudsonius preblei,,Zapus hudsonius preblei,Organism,Animalia,,Chordata,Vertebrata,,Mammalia,,Rodentia,,Dipodoidea,Zapodidae,,,,Zapus,,,,Zapus hudsonius,Zapus hudsonius preblei,,,,,,
ZAHU,SMALL_MAMMAL,True,79649,Zapus hudsonius,,Zapus hudsonius,Organism,Animalia,,Chordata,Vertebrata,,Mammalia,,Rodentia,,Dipodoidea,Zapodidae,,,,Zapus,,,,Zapus hudsonius,,,,,,,
ZAPR,SMALL_MAMMAL,True,79650,Zapus princeps,,Zapus princeps,Organism,Animalia,,Chordata,Vertebrata,,Mammalia,,Rodentia,,Dipodoidea,Zapodidae,,,,Zapus,,,,Zapus princeps,,,,,,,
ZASP,SMALL_MAMMAL,True,79648,Zapus,,Zapus sp.,Organism,Animalia,,Chordata,Vertebrata,,Mammalia,,Rodentia,,Dipodoidea,Zapodidae,,,,Zapus,,,,,,,,,,,
ZATR,SMALL_MAMMAL,True,79651,Zapus trinotatus,,Zapus trinotatus,Organism,Animalia,,Chordata,Vertebrata,,Mammalia,,Rodentia,,Dipodoidea,Zapodidae,,,,Zapus,,,,Zapus trinotatus,,,,,,,
